source,base_model,model,variant_id,iteration,condition,rating,label,scenario,rating_ord
LLM,phi4,generalist,phi4_generalist,0,NEU,3,Feasible,CONTEXT,3
LLM,phi4,generalist2,phi4_generalist2,0,NEU,3,Feasible,CONTEXT,3
LLM,phi4,normative,phi4_normative,0,NEU,3,Feasible,CONTEXT,3
LLM,phi4,normative2,phi4_normative2,0,NEU,3,Feasible,CONTEXT,3
LLM,phi4,subject_matter,phi4_subject_matter,0,NEU,3,Feasible,CONTEXT,3
LLM,phi4,subject_matter2,phi4_subject_matter2,0,NEU,3,Feasible,CONTEXT,3
LLM,phi4,generalist,phi4_generalist,1,NEU,3,Feasible,CONTEXT,3
LLM,phi4,generalist2,phi4_generalist2,1,NEU,3,Feasible,CONTEXT,3
LLM,phi4,normative,phi4_normative,1,NEU,3,Feasible,CONTEXT,3
LLM,phi4,normative2,phi4_normative2,1,NEU,3,Feasible,CONTEXT,3
LLM,phi4,subject_matter,phi4_subject_matter,1,NEU,3,Feasible,CONTEXT,3
LLM,phi4,subject_matter2,phi4_subject_matter2,1,NEU,3,Feasible,CONTEXT,3
LLM,phi4,generalist,phi4_generalist,2,NEU,3,Feasible,CONTEXT,3
LLM,phi4,generalist2,phi4_generalist2,2,NEU,3,Feasible,CONTEXT,3
LLM,phi4,normative,phi4_normative,2,NEU,3,Feasible,CONTEXT,3
LLM,phi4,normative2,phi4_normative2,2,NEU,3,Feasible,CONTEXT,3
LLM,phi4,subject_matter,phi4_subject_matter,2,NEU,3,Feasible,CONTEXT,3
LLM,phi4,subject_matter2,phi4_subject_matter2,2,NEU,3,Feasible,CONTEXT,3
LLM,phi4,generalist,phi4_generalist,3,NEU,3,Feasible,CONTEXT,3
LLM,phi4,generalist2,phi4_generalist2,3,NEU,3,Feasible,CONTEXT,3
LLM,phi4,normative,phi4_normative,3,NEU,3,Feasible,CONTEXT,3
LLM,phi4,normative2,phi4_normative2,3,NEU,3,Feasible,CONTEXT,3
LLM,phi4,subject_matter,phi4_subject_matter,3,NEU,3,Feasible,CONTEXT,3
LLM,phi4,subject_matter2,phi4_subject_matter2,3,NEU,3,Feasible,CONTEXT,3
LLM,phi4,generalist,phi4_generalist,4,NEU,3,Feasible,CONTEXT,3
LLM,phi4,generalist2,phi4_generalist2,4,NEU,3,Feasible,CONTEXT,3
LLM,phi4,normative,phi4_normative,4,NEU,3,Feasible,CONTEXT,3
LLM,phi4,normative2,phi4_normative2,4,NEU,3,Feasible,CONTEXT,3
LLM,phi4,subject_matter,phi4_subject_matter,4,NEU,3,Feasible,CONTEXT,3
LLM,phi4,subject_matter2,phi4_subject_matter2,4,NEU,3,Feasible,CONTEXT,3
LLM,phi4,generalist,phi4_generalist,5,NEU,3,Feasible,CONTEXT,3
LLM,phi4,generalist2,phi4_generalist2,5,NEU,3,Feasible,CONTEXT,3
LLM,phi4,normative,phi4_normative,5,NEU,3,Feasible,CONTEXT,3
LLM,phi4,normative2,phi4_normative2,5,NEU,3,Feasible,CONTEXT,3
LLM,phi4,subject_matter,phi4_subject_matter,5,NEU,3,Feasible,CONTEXT,3
LLM,phi4,subject_matter2,phi4_subject_matter2,5,NEU,3,Feasible,CONTEXT,3
LLM,phi4,generalist,phi4_generalist,6,NEU,3,Feasible,CONTEXT,3
LLM,phi4,generalist2,phi4_generalist2,6,NEU,3,Feasible,CONTEXT,3
LLM,phi4,normative,phi4_normative,6,NEU,3,Feasible,CONTEXT,3
LLM,phi4,normative2,phi4_normative2,6,NEU,3,Feasible,CONTEXT,3
LLM,phi4,subject_matter,phi4_subject_matter,6,NEU,3,Feasible,CONTEXT,3
LLM,phi4,subject_matter2,phi4_subject_matter2,6,NEU,3,Feasible,CONTEXT,3
LLM,phi4,generalist,phi4_generalist,7,NEU,3,Feasible,CONTEXT,3
LLM,phi4,generalist2,phi4_generalist2,7,NEU,3,Feasible,CONTEXT,3
LLM,phi4,normative,phi4_normative,7,NEU,3,Feasible,CONTEXT,3
LLM,phi4,normative2,phi4_normative2,7,NEU,3,Feasible,CONTEXT,3
LLM,phi4,subject_matter,phi4_subject_matter,7,NEU,3,Feasible,CONTEXT,3
LLM,phi4,subject_matter2,phi4_subject_matter2,7,NEU,3,Feasible,CONTEXT,3
LLM,phi4,generalist,phi4_generalist,8,NEU,3,Feasible,CONTEXT,3
LLM,phi4,generalist2,phi4_generalist2,8,NEU,3,Feasible,CONTEXT,3
LLM,phi4,normative,phi4_normative,8,NEU,3,Feasible,CONTEXT,3
LLM,phi4,normative2,phi4_normative2,8,NEU,3,Feasible,CONTEXT,3
LLM,phi4,subject_matter,phi4_subject_matter,8,NEU,3,Feasible,CONTEXT,3
LLM,phi4,subject_matter2,phi4_subject_matter2,8,NEU,3,Feasible,CONTEXT,3
LLM,phi4,generalist,phi4_generalist,9,NEU,3,Feasible,CONTEXT,3
LLM,phi4,generalist2,phi4_generalist2,9,NEU,3,Feasible,CONTEXT,3
LLM,phi4,normative,phi4_normative,9,NEU,3,Feasible,CONTEXT,3
LLM,phi4,normative2,phi4_normative2,9,NEU,3,Feasible,CONTEXT,3
LLM,phi4,subject_matter,phi4_subject_matter,9,NEU,3,Feasible,CONTEXT,3
LLM,phi4,subject_matter2,phi4_subject_matter2,9,NEU,3,Feasible,CONTEXT,3
LLM,phi4,generalist,phi4_generalist,10,NEU,3,Feasible,CONTEXT,3
LLM,phi4,generalist2,phi4_generalist2,10,NEU,3,Feasible,CONTEXT,3
LLM,phi4,normative,phi4_normative,10,NEU,3,Feasible,CONTEXT,3
LLM,phi4,normative2,phi4_normative2,10,NEU,3,Feasible,CONTEXT,3
LLM,phi4,subject_matter,phi4_subject_matter,10,NEU,3,Feasible,CONTEXT,3
LLM,phi4,subject_matter2,phi4_subject_matter2,10,NEU,3,Feasible,CONTEXT,3
LLM,phi4,generalist,phi4_generalist,11,NEU,3,Feasible,CONTEXT,3
LLM,phi4,generalist2,phi4_generalist2,11,NEU,3,Feasible,CONTEXT,3
LLM,phi4,normative,phi4_normative,11,NEU,3,Feasible,CONTEXT,3
LLM,phi4,normative2,phi4_normative2,11,NEU,3,Feasible,CONTEXT,3
LLM,phi4,subject_matter,phi4_subject_matter,11,NEU,3,Feasible,CONTEXT,3
LLM,phi4,subject_matter2,phi4_subject_matter2,11,NEU,3,Feasible,CONTEXT,3
LLM,phi4,generalist,phi4_generalist,12,NEU,3,Feasible,CONTEXT,3
LLM,phi4,generalist2,phi4_generalist2,12,NEU,3,Feasible,CONTEXT,3
LLM,phi4,normative,phi4_normative,12,NEU,3,Feasible,CONTEXT,3
LLM,phi4,normative2,phi4_normative2,12,NEU,3,Feasible,CONTEXT,3
LLM,phi4,subject_matter,phi4_subject_matter,12,NEU,3,Feasible,CONTEXT,3
LLM,phi4,subject_matter2,phi4_subject_matter2,12,NEU,3,Feasible,CONTEXT,3
LLM,phi4,generalist,phi4_generalist,13,NEU,3,Feasible,CONTEXT,3
LLM,phi4,generalist2,phi4_generalist2,13,NEU,3,Feasible,CONTEXT,3
LLM,phi4,normative,phi4_normative,13,NEU,3,Feasible,CONTEXT,3
LLM,phi4,normative2,phi4_normative2,13,NEU,3,Feasible,CONTEXT,3
LLM,phi4,subject_matter,phi4_subject_matter,13,NEU,3,Feasible,CONTEXT,3
LLM,phi4,subject_matter2,phi4_subject_matter2,13,NEU,3,Feasible,CONTEXT,3
LLM,phi4,generalist,phi4_generalist,14,NEU,3,Feasible,CONTEXT,3
LLM,phi4,generalist2,phi4_generalist2,14,NEU,3,Feasible,CONTEXT,3
LLM,phi4,normative,phi4_normative,14,NEU,3,Feasible,CONTEXT,3
LLM,phi4,normative2,phi4_normative2,14,NEU,3,Feasible,CONTEXT,3
LLM,phi4,subject_matter,phi4_subject_matter,14,NEU,3,Feasible,CONTEXT,3
LLM,phi4,subject_matter2,phi4_subject_matter2,14,NEU,3,Feasible,CONTEXT,3
LLM,phi4,generalist,phi4_generalist,15,NEU,3,Feasible,CONTEXT,3
LLM,phi4,generalist2,phi4_generalist2,15,NEU,3,Feasible,CONTEXT,3
LLM,phi4,normative,phi4_normative,15,NEU,3,Feasible,CONTEXT,3
LLM,phi4,normative2,phi4_normative2,15,NEU,3,Feasible,CONTEXT,3
LLM,phi4,subject_matter,phi4_subject_matter,15,NEU,3,Feasible,CONTEXT,3
LLM,phi4,subject_matter2,phi4_subject_matter2,15,NEU,3,Feasible,CONTEXT,3
LLM,phi4,generalist,phi4_generalist,16,NEU,3,Feasible,CONTEXT,3
LLM,phi4,generalist2,phi4_generalist2,16,NEU,3,Feasible,CONTEXT,3
LLM,phi4,normative,phi4_normative,16,NEU,3,Feasible,CONTEXT,3
LLM,phi4,normative2,phi4_normative2,16,NEU,3,Feasible,CONTEXT,3
LLM,phi4,subject_matter,phi4_subject_matter,16,NEU,3,Feasible,CONTEXT,3
LLM,phi4,subject_matter2,phi4_subject_matter2,16,NEU,3,Feasible,CONTEXT,3
LLM,phi4,generalist,phi4_generalist,17,NEU,3,Feasible,CONTEXT,3
LLM,phi4,generalist2,phi4_generalist2,17,NEU,3,Feasible,CONTEXT,3
LLM,phi4,normative,phi4_normative,17,NEU,3,Feasible,CONTEXT,3
LLM,phi4,normative2,phi4_normative2,17,NEU,3,Feasible,CONTEXT,3
LLM,phi4,subject_matter,phi4_subject_matter,17,NEU,3,Feasible,CONTEXT,3
LLM,phi4,subject_matter2,phi4_subject_matter2,17,NEU,3,Feasible,CONTEXT,3
LLM,phi4,generalist,phi4_generalist,18,NEU,3,Feasible,CONTEXT,3
LLM,phi4,generalist2,phi4_generalist2,18,NEU,3,Feasible,CONTEXT,3
LLM,phi4,normative,phi4_normative,18,NEU,3,Feasible,CONTEXT,3
LLM,phi4,normative2,phi4_normative2,18,NEU,3,Feasible,CONTEXT,3
LLM,phi4,subject_matter,phi4_subject_matter,18,NEU,3,Feasible,CONTEXT,3
LLM,phi4,subject_matter2,phi4_subject_matter2,18,NEU,3,Feasible,CONTEXT,3
LLM,phi4,generalist,phi4_generalist,19,NEU,3,Feasible,CONTEXT,3
LLM,phi4,generalist2,phi4_generalist2,19,NEU,3,Feasible,CONTEXT,3
LLM,phi4,normative,phi4_normative,19,NEU,3,Feasible,CONTEXT,3
LLM,phi4,normative2,phi4_normative2,19,NEU,3,Feasible,CONTEXT,3
LLM,phi4,subject_matter,phi4_subject_matter,19,NEU,3,Feasible,CONTEXT,3
LLM,phi4,subject_matter2,phi4_subject_matter2,19,NEU,3,Feasible,CONTEXT,3
LLM,phi4,generalist,phi4_generalist,20,NEU,3,Feasible,CONTEXT,3
LLM,phi4,generalist2,phi4_generalist2,20,NEU,3,Feasible,CONTEXT,3
LLM,phi4,normative,phi4_normative,20,NEU,3,Feasible,CONTEXT,3
LLM,phi4,normative2,phi4_normative2,20,NEU,3,Feasible,CONTEXT,3
LLM,phi4,subject_matter,phi4_subject_matter,20,NEU,3,Feasible,CONTEXT,3
LLM,phi4,subject_matter2,phi4_subject_matter2,20,NEU,3,Feasible,CONTEXT,3
LLM,phi4,generalist,phi4_generalist,21,NEU,3,Feasible,CONTEXT,3
LLM,phi4,generalist2,phi4_generalist2,21,NEU,3,Feasible,CONTEXT,3
LLM,phi4,normative,phi4_normative,21,NEU,3,Feasible,CONTEXT,3
LLM,phi4,normative2,phi4_normative2,21,NEU,3,Feasible,CONTEXT,3
LLM,phi4,subject_matter,phi4_subject_matter,21,NEU,3,Feasible,CONTEXT,3
LLM,phi4,subject_matter2,phi4_subject_matter2,21,NEU,3,Feasible,CONTEXT,3
LLM,phi4,generalist,phi4_generalist,22,NEU,3,Feasible,CONTEXT,3
LLM,phi4,generalist2,phi4_generalist2,22,NEU,3,Feasible,CONTEXT,3
LLM,phi4,normative,phi4_normative,22,NEU,3,Feasible,CONTEXT,3
LLM,phi4,normative2,phi4_normative2,22,NEU,3,Feasible,CONTEXT,3
LLM,phi4,subject_matter,phi4_subject_matter,22,NEU,3,Feasible,CONTEXT,3
LLM,phi4,subject_matter2,phi4_subject_matter2,22,NEU,3,Feasible,CONTEXT,3
LLM,phi4,generalist,phi4_generalist,23,NEU,3,Feasible,CONTEXT,3
LLM,phi4,generalist2,phi4_generalist2,23,NEU,3,Feasible,CONTEXT,3
LLM,phi4,normative,phi4_normative,23,NEU,3,Feasible,CONTEXT,3
LLM,phi4,normative2,phi4_normative2,23,NEU,3,Feasible,CONTEXT,3
LLM,phi4,subject_matter,phi4_subject_matter,23,NEU,3,Feasible,CONTEXT,3
LLM,phi4,subject_matter2,phi4_subject_matter2,23,NEU,3,Feasible,CONTEXT,3
LLM,phi4,generalist,phi4_generalist,24,NEU,3,Feasible,CONTEXT,3
LLM,phi4,generalist2,phi4_generalist2,24,NEU,3,Feasible,CONTEXT,3
LLM,phi4,normative,phi4_normative,24,NEU,3,Feasible,CONTEXT,3
LLM,phi4,normative2,phi4_normative2,24,NEU,3,Feasible,CONTEXT,3
LLM,phi4,subject_matter,phi4_subject_matter,24,NEU,3,Feasible,CONTEXT,3
LLM,phi4,subject_matter2,phi4_subject_matter2,24,NEU,3,Feasible,CONTEXT,3
LLM,phi4,generalist,phi4_generalist,25,NEU,3,Feasible,CONTEXT,3
LLM,phi4,generalist2,phi4_generalist2,25,NEU,3,Feasible,CONTEXT,3
LLM,phi4,normative,phi4_normative,25,NEU,3,Feasible,CONTEXT,3
LLM,phi4,normative2,phi4_normative2,25,NEU,3,Feasible,CONTEXT,3
LLM,phi4,subject_matter,phi4_subject_matter,25,NEU,3,Feasible,CONTEXT,3
LLM,phi4,subject_matter2,phi4_subject_matter2,25,NEU,3,Feasible,CONTEXT,3
LLM,phi4,generalist,phi4_generalist,26,NEU,3,Feasible,CONTEXT,3
LLM,phi4,generalist2,phi4_generalist2,26,NEU,3,Feasible,CONTEXT,3
LLM,phi4,normative,phi4_normative,26,NEU,3,Feasible,CONTEXT,3
LLM,phi4,normative2,phi4_normative2,26,NEU,3,Feasible,CONTEXT,3
LLM,phi4,subject_matter,phi4_subject_matter,26,NEU,3,Feasible,CONTEXT,3
LLM,phi4,subject_matter2,phi4_subject_matter2,26,NEU,3,Feasible,CONTEXT,3
LLM,phi4,generalist,phi4_generalist,27,NEU,3,Feasible,CONTEXT,3
LLM,phi4,generalist2,phi4_generalist2,27,NEU,3,Feasible,CONTEXT,3
LLM,phi4,normative,phi4_normative,27,NEU,3,Feasible,CONTEXT,3
LLM,phi4,normative2,phi4_normative2,27,NEU,3,Feasible,CONTEXT,3
LLM,phi4,subject_matter,phi4_subject_matter,27,NEU,3,Feasible,CONTEXT,3
LLM,phi4,subject_matter2,phi4_subject_matter2,27,NEU,3,Feasible,CONTEXT,3
LLM,phi4,generalist,phi4_generalist,28,NEU,3,Feasible,CONTEXT,3
LLM,phi4,generalist2,phi4_generalist2,28,NEU,3,Feasible,CONTEXT,3
LLM,phi4,normative,phi4_normative,28,NEU,3,Feasible,CONTEXT,3
LLM,phi4,normative2,phi4_normative2,28,NEU,3,Feasible,CONTEXT,3
LLM,phi4,subject_matter,phi4_subject_matter,28,NEU,3,Feasible,CONTEXT,3
LLM,phi4,subject_matter2,phi4_subject_matter2,28,NEU,3,Feasible,CONTEXT,3
LLM,phi4,generalist,phi4_generalist,29,NEU,3,Feasible,CONTEXT,3
LLM,phi4,generalist2,phi4_generalist2,29,NEU,3,Feasible,CONTEXT,3
LLM,phi4,normative,phi4_normative,29,NEU,3,Feasible,CONTEXT,3
LLM,phi4,normative2,phi4_normative2,29,NEU,3,Feasible,CONTEXT,3
LLM,phi4,subject_matter,phi4_subject_matter,29,NEU,3,Feasible,CONTEXT,3
LLM,phi4,subject_matter2,phi4_subject_matter2,29,NEU,3,Feasible,CONTEXT,3
LLM,phi4,generalist,phi4_generalist,30,NEU,3,Feasible,CONTEXT,3
LLM,phi4,generalist2,phi4_generalist2,30,NEU,3,Feasible,CONTEXT,3
LLM,phi4,normative,phi4_normative,30,NEU,3,Feasible,CONTEXT,3
LLM,phi4,normative2,phi4_normative2,30,NEU,3,Feasible,CONTEXT,3
LLM,phi4,subject_matter,phi4_subject_matter,30,NEU,3,Feasible,CONTEXT,3
LLM,phi4,subject_matter2,phi4_subject_matter2,30,NEU,3,Feasible,CONTEXT,3
LLM,phi4,generalist,phi4_generalist,31,NEU,3,Feasible,CONTEXT,3
LLM,phi4,generalist2,phi4_generalist2,31,NEU,3,Feasible,CONTEXT,3
LLM,phi4,normative,phi4_normative,31,NEU,3,Feasible,CONTEXT,3
LLM,phi4,normative2,phi4_normative2,31,NEU,3,Feasible,CONTEXT,3
LLM,phi4,subject_matter,phi4_subject_matter,31,NEU,3,Feasible,CONTEXT,3
LLM,phi4,subject_matter2,phi4_subject_matter2,31,NEU,3,Feasible,CONTEXT,3
LLM,phi4,generalist,phi4_generalist,32,NEU,3,Feasible,CONTEXT,3
LLM,phi4,generalist2,phi4_generalist2,32,NEU,3,Feasible,CONTEXT,3
LLM,phi4,normative,phi4_normative,32,NEU,3,Feasible,CONTEXT,3
LLM,phi4,normative2,phi4_normative2,32,NEU,3,Feasible,CONTEXT,3
LLM,phi4,subject_matter,phi4_subject_matter,32,NEU,3,Feasible,CONTEXT,3
LLM,phi4,subject_matter2,phi4_subject_matter2,32,NEU,3,Feasible,CONTEXT,3
LLM,phi4,generalist,phi4_generalist,33,NEU,3,Feasible,CONTEXT,3
LLM,phi4,generalist2,phi4_generalist2,33,NEU,3,Feasible,CONTEXT,3
LLM,phi4,normative,phi4_normative,33,NEU,3,Feasible,CONTEXT,3
LLM,phi4,normative2,phi4_normative2,33,NEU,3,Feasible,CONTEXT,3
LLM,phi4,subject_matter,phi4_subject_matter,33,NEU,3,Feasible,CONTEXT,3
LLM,phi4,subject_matter2,phi4_subject_matter2,33,NEU,3,Feasible,CONTEXT,3
LLM,phi4,generalist,phi4_generalist,34,NEU,3,Feasible,CONTEXT,3
LLM,phi4,generalist2,phi4_generalist2,34,NEU,3,Feasible,CONTEXT,3
LLM,phi4,normative,phi4_normative,34,NEU,3,Feasible,CONTEXT,3
LLM,phi4,normative2,phi4_normative2,34,NEU,3,Feasible,CONTEXT,3
LLM,phi4,subject_matter,phi4_subject_matter,34,NEU,3,Feasible,CONTEXT,3
LLM,phi4,subject_matter2,phi4_subject_matter2,34,NEU,3,Feasible,CONTEXT,3
LLM,phi4,generalist,phi4_generalist,35,NEU,3,Feasible,CONTEXT,3
LLM,phi4,generalist2,phi4_generalist2,35,NEU,3,Feasible,CONTEXT,3
LLM,phi4,normative,phi4_normative,35,NEU,3,Feasible,CONTEXT,3
LLM,phi4,normative2,phi4_normative2,35,NEU,3,Feasible,CONTEXT,3
LLM,phi4,subject_matter,phi4_subject_matter,35,NEU,3,Feasible,CONTEXT,3
LLM,phi4,subject_matter2,phi4_subject_matter2,35,NEU,3,Feasible,CONTEXT,3
LLM,phi4,generalist,phi4_generalist,36,NEU,3,Feasible,CONTEXT,3
LLM,phi4,generalist2,phi4_generalist2,36,NEU,3,Feasible,CONTEXT,3
LLM,phi4,normative,phi4_normative,36,NEU,3,Feasible,CONTEXT,3
LLM,phi4,normative2,phi4_normative2,36,NEU,3,Feasible,CONTEXT,3
LLM,phi4,subject_matter,phi4_subject_matter,36,NEU,3,Feasible,CONTEXT,3
LLM,phi4,subject_matter2,phi4_subject_matter2,36,NEU,3,Feasible,CONTEXT,3
LLM,phi4,generalist,phi4_generalist,37,NEU,3,Feasible,CONTEXT,3
LLM,phi4,generalist2,phi4_generalist2,37,NEU,3,Feasible,CONTEXT,3
LLM,phi4,normative,phi4_normative,37,NEU,3,Feasible,CONTEXT,3
LLM,phi4,normative2,phi4_normative2,37,NEU,3,Feasible,CONTEXT,3
LLM,phi4,subject_matter,phi4_subject_matter,37,NEU,3,Feasible,CONTEXT,3
LLM,phi4,subject_matter2,phi4_subject_matter2,37,NEU,3,Feasible,CONTEXT,3
LLM,phi4,generalist,phi4_generalist,38,NEU,3,Feasible,CONTEXT,3
LLM,phi4,generalist2,phi4_generalist2,38,NEU,3,Feasible,CONTEXT,3
LLM,phi4,normative,phi4_normative,38,NEU,3,Feasible,CONTEXT,3
LLM,phi4,normative2,phi4_normative2,38,NEU,3,Feasible,CONTEXT,3
LLM,phi4,subject_matter,phi4_subject_matter,38,NEU,3,Feasible,CONTEXT,3
LLM,phi4,subject_matter2,phi4_subject_matter2,38,NEU,3,Feasible,CONTEXT,3
LLM,phi4,generalist,phi4_generalist,39,NEU,3,Feasible,CONTEXT,3
LLM,phi4,generalist2,phi4_generalist2,39,NEU,3,Feasible,CONTEXT,3
LLM,phi4,normative,phi4_normative,39,NEU,3,Feasible,CONTEXT,3
LLM,phi4,normative2,phi4_normative2,39,NEU,3,Feasible,CONTEXT,3
LLM,phi4,subject_matter,phi4_subject_matter,39,NEU,3,Feasible,CONTEXT,3
LLM,phi4,subject_matter2,phi4_subject_matter2,39,NEU,3,Feasible,CONTEXT,3
LLM,phi4,generalist,phi4_generalist,40,NEU,3,Feasible,CONTEXT,3
LLM,phi4,generalist2,phi4_generalist2,40,NEU,3,Feasible,CONTEXT,3
LLM,phi4,normative,phi4_normative,40,NEU,3,Feasible,CONTEXT,3
LLM,phi4,normative2,phi4_normative2,40,NEU,3,Feasible,CONTEXT,3
LLM,phi4,subject_matter,phi4_subject_matter,40,NEU,3,Feasible,CONTEXT,3
LLM,phi4,subject_matter2,phi4_subject_matter2,40,NEU,3,Feasible,CONTEXT,3
LLM,phi4,generalist,phi4_generalist,41,NEU,3,Feasible,CONTEXT,3
LLM,phi4,generalist2,phi4_generalist2,41,NEU,3,Feasible,CONTEXT,3
LLM,phi4,normative,phi4_normative,41,NEU,3,Feasible,CONTEXT,3
LLM,phi4,normative2,phi4_normative2,41,NEU,3,Feasible,CONTEXT,3
LLM,phi4,subject_matter,phi4_subject_matter,41,NEU,3,Feasible,CONTEXT,3
LLM,phi4,subject_matter2,phi4_subject_matter2,41,NEU,3,Feasible,CONTEXT,3
LLM,phi4,generalist,phi4_generalist,42,NEU,3,Feasible,CONTEXT,3
LLM,phi4,generalist2,phi4_generalist2,42,NEU,3,Feasible,CONTEXT,3
LLM,phi4,normative,phi4_normative,42,NEU,3,Feasible,CONTEXT,3
LLM,phi4,normative2,phi4_normative2,42,NEU,3,Feasible,CONTEXT,3
LLM,phi4,subject_matter,phi4_subject_matter,42,NEU,3,Feasible,CONTEXT,3
LLM,phi4,subject_matter2,phi4_subject_matter2,42,NEU,3,Feasible,CONTEXT,3
LLM,phi4,generalist,phi4_generalist,43,NEU,3,Feasible,CONTEXT,3
LLM,phi4,generalist2,phi4_generalist2,43,NEU,3,Feasible,CONTEXT,3
LLM,phi4,normative,phi4_normative,43,NEU,3,Feasible,CONTEXT,3
LLM,phi4,normative2,phi4_normative2,43,NEU,3,Feasible,CONTEXT,3
LLM,phi4,subject_matter,phi4_subject_matter,43,NEU,3,Feasible,CONTEXT,3
LLM,phi4,subject_matter2,phi4_subject_matter2,43,NEU,3,Feasible,CONTEXT,3
LLM,phi4,generalist,phi4_generalist,44,NEU,3,Feasible,CONTEXT,3
LLM,phi4,generalist2,phi4_generalist2,44,NEU,3,Feasible,CONTEXT,3
LLM,phi4,normative,phi4_normative,44,NEU,3,Feasible,CONTEXT,3
LLM,phi4,normative2,phi4_normative2,44,NEU,3,Feasible,CONTEXT,3
LLM,phi4,subject_matter,phi4_subject_matter,44,NEU,3,Feasible,CONTEXT,3
LLM,phi4,subject_matter2,phi4_subject_matter2,44,NEU,3,Feasible,CONTEXT,3
LLM,phi4,generalist,phi4_generalist,45,NEU,3,Feasible,CONTEXT,3
LLM,phi4,generalist2,phi4_generalist2,45,NEU,3,Feasible,CONTEXT,3
LLM,phi4,normative,phi4_normative,45,NEU,3,Feasible,CONTEXT,3
LLM,phi4,normative2,phi4_normative2,45,NEU,3,Feasible,CONTEXT,3
LLM,phi4,subject_matter,phi4_subject_matter,45,NEU,3,Feasible,CONTEXT,3
LLM,phi4,subject_matter2,phi4_subject_matter2,45,NEU,3,Feasible,CONTEXT,3
LLM,phi4,generalist,phi4_generalist,46,NEU,3,Feasible,CONTEXT,3
LLM,phi4,generalist2,phi4_generalist2,46,NEU,3,Feasible,CONTEXT,3
LLM,phi4,normative,phi4_normative,46,NEU,3,Feasible,CONTEXT,3
LLM,phi4,normative2,phi4_normative2,46,NEU,3,Feasible,CONTEXT,3
LLM,phi4,subject_matter,phi4_subject_matter,46,NEU,3,Feasible,CONTEXT,3
LLM,phi4,subject_matter2,phi4_subject_matter2,46,NEU,3,Feasible,CONTEXT,3
LLM,phi4,generalist,phi4_generalist,47,NEU,3,Feasible,CONTEXT,3
LLM,phi4,generalist2,phi4_generalist2,47,NEU,3,Feasible,CONTEXT,3
LLM,phi4,normative,phi4_normative,47,NEU,3,Feasible,CONTEXT,3
LLM,phi4,normative2,phi4_normative2,47,NEU,3,Feasible,CONTEXT,3
LLM,phi4,subject_matter,phi4_subject_matter,47,NEU,3,Feasible,CONTEXT,3
LLM,phi4,subject_matter2,phi4_subject_matter2,47,NEU,3,Feasible,CONTEXT,3
LLM,phi4,generalist,phi4_generalist,48,NEU,3,Feasible,CONTEXT,3
LLM,phi4,generalist2,phi4_generalist2,48,NEU,3,Feasible,CONTEXT,3
LLM,phi4,normative,phi4_normative,48,NEU,3,Feasible,CONTEXT,3
LLM,phi4,normative2,phi4_normative2,48,NEU,3,Feasible,CONTEXT,3
LLM,phi4,subject_matter,phi4_subject_matter,48,NEU,3,Feasible,CONTEXT,3
LLM,phi4,subject_matter2,phi4_subject_matter2,48,NEU,3,Feasible,CONTEXT,3
LLM,phi4,generalist,phi4_generalist,49,NEU,3,Feasible,CONTEXT,3
LLM,phi4,generalist2,phi4_generalist2,49,NEU,3,Feasible,CONTEXT,3
LLM,phi4,normative,phi4_normative,49,NEU,3,Feasible,CONTEXT,3
LLM,phi4,normative2,phi4_normative2,49,NEU,3,Feasible,CONTEXT,3
LLM,phi4,subject_matter,phi4_subject_matter,49,NEU,3,Feasible,CONTEXT,3
LLM,phi4,subject_matter2,phi4_subject_matter2,49,NEU,3,Feasible,CONTEXT,3
LLM,llama-pro,generalist,llama_generalist,0,NEU,3,Feasible,CONTEXT,3
LLM,llama-pro,generalist2,llama_generalist2,0,NEU,3,Feasible,CONTEXT,3
LLM,llama-pro,normative,llama_normative,0,NEU,3,Feasible,CONTEXT,3
LLM,llama-pro,normative2,llama_normative2,0,NEU,3,Feasible,CONTEXT,3
LLM,llama-pro,subject_matter,llama_subject_matter,0,NEU,4,Very feasible,CONTEXT,4
LLM,llama-pro,subject_matter2,llama_subject_matter2,0,NEU,3,Feasible,CONTEXT,3
LLM,mistral,generalist,mistral_generalist,0,NEU,3,Feasible,CONTEXT,3
LLM,mistral,generalist2,mistral_generalist2,0,NEU,3,Feasible,CONTEXT,3
LLM,mistral,normative,mistral_normative,0,NEU,3,Feasible,CONTEXT,3
LLM,mistral,normative2,mistral_normative2,0,NEU,3,Feasible,CONTEXT,3
LLM,mistral,subject_matter,mistral_subject_matter,0,NEU,3,Feasible,CONTEXT,3
LLM,mistral,subject_matter2,mistral_subject_matter2,0,NEU,3,Feasible,CONTEXT,3
LLM,gemma3-12b,generalist,gemma3_generalist,0,NEU,3,Feasible,CONTEXT,3
LLM,gemma3-12b,generalist2,gemma3_generalist2,0,NEU,3,Feasible,CONTEXT,3
LLM,gemma3-12b,normative,gemma3_normative,0,NEU,3,Feasible,CONTEXT,3
LLM,gemma3-12b,normative2,gemma3_normative2,0,NEU,3,Feasible,CONTEXT,3
LLM,gemma3-12b,subject_matter,gemma3_subject_matter,0,NEU,3,Feasible,CONTEXT,3
LLM,gemma3-12b,subject_matter2,gemma3_subject_matter2,0,NEU,3,Feasible,CONTEXT,3
LLM,llama-pro,generalist,llama_generalist,1,NEU,2,Somewhat feasible,CONTEXT,2
LLM,llama-pro,generalist2,llama_generalist2,1,NEU,3,Feasible,CONTEXT,3
LLM,llama-pro,normative,llama_normative,1,NEU,4,Very feasible,CONTEXT,4
LLM,llama-pro,normative2,llama_normative2,1,NEU,4,Very feasible,CONTEXT,4
LLM,llama-pro,subject_matter,llama_subject_matter,1,NEU,4,Very feasible,CONTEXT,4
LLM,llama-pro,subject_matter2,llama_subject_matter2,1,NEU,2,Somewhat feasible,CONTEXT,2
LLM,mistral,generalist,mistral_generalist,1,NEU,3,Feasible,CONTEXT,3
LLM,mistral,generalist2,mistral_generalist2,1,NEU,3,Feasible,CONTEXT,3
LLM,mistral,normative,mistral_normative,1,NEU,3,Feasible,CONTEXT,3
LLM,mistral,normative2,mistral_normative2,1,NEU,3,Feasible,CONTEXT,3
LLM,mistral,subject_matter,mistral_subject_matter,1,NEU,3,Feasible,CONTEXT,3
LLM,mistral,subject_matter2,mistral_subject_matter2,1,NEU,3,Feasible,CONTEXT,3
LLM,gemma3-12b,generalist,gemma3_generalist,1,NEU,3,Feasible,CONTEXT,3
LLM,gemma3-12b,generalist2,gemma3_generalist2,1,NEU,3,Feasible,CONTEXT,3
LLM,gemma3-12b,normative,gemma3_normative,1,NEU,3,Feasible,CONTEXT,3
LLM,gemma3-12b,normative2,gemma3_normative2,1,NEU,3,Feasible,CONTEXT,3
LLM,gemma3-12b,subject_matter,gemma3_subject_matter,1,NEU,3,Feasible,CONTEXT,3
LLM,gemma3-12b,subject_matter2,gemma3_subject_matter2,1,NEU,3,Feasible,CONTEXT,3
LLM,llama-pro,generalist,llama_generalist,2,NEU,2,Somewhat feasible,CONTEXT,2
LLM,llama-pro,generalist2,llama_generalist2,2,NEU,4,Very feasible,CONTEXT,4
LLM,llama-pro,normative,llama_normative,2,NEU,4,Very feasible,CONTEXT,4
LLM,llama-pro,normative2,llama_normative2,2,NEU,3,Feasible,CONTEXT,3
LLM,llama-pro,subject_matter,llama_subject_matter,2,NEU,3,Feasible,CONTEXT,3
LLM,llama-pro,subject_matter2,llama_subject_matter2,2,NEU,4,Very feasible,CONTEXT,4
LLM,mistral,generalist,mistral_generalist,2,NEU,3,Feasible,CONTEXT,3
LLM,mistral,generalist2,mistral_generalist2,2,NEU,3,Feasible,CONTEXT,3
LLM,mistral,normative,mistral_normative,2,NEU,3,Feasible,CONTEXT,3
LLM,mistral,normative2,mistral_normative2,2,NEU,3,Feasible,CONTEXT,3
LLM,mistral,subject_matter,mistral_subject_matter,2,NEU,3,Feasible,CONTEXT,3
LLM,mistral,subject_matter2,mistral_subject_matter2,2,NEU,3,Feasible,CONTEXT,3
LLM,gemma3-12b,generalist,gemma3_generalist,2,NEU,3,Feasible,CONTEXT,3
LLM,gemma3-12b,generalist2,gemma3_generalist2,2,NEU,3,Feasible,CONTEXT,3
LLM,gemma3-12b,normative,gemma3_normative,2,NEU,3,Feasible,CONTEXT,3
LLM,gemma3-12b,normative2,gemma3_normative2,2,NEU,3,Feasible,CONTEXT,3
LLM,gemma3-12b,subject_matter,gemma3_subject_matter,2,NEU,3,Feasible,CONTEXT,3
LLM,gemma3-12b,subject_matter2,gemma3_subject_matter2,2,NEU,3,Feasible,CONTEXT,3
LLM,llama-pro,generalist,llama_generalist,3,NEU,2,Somewhat feasible,CONTEXT,2
LLM,llama-pro,generalist2,llama_generalist2,3,NEU,3,Feasible,CONTEXT,3
LLM,llama-pro,normative,llama_normative,3,NEU,2,Somewhat feasible,CONTEXT,2
LLM,llama-pro,normative2,llama_normative2,3,NEU,4,Very feasible,CONTEXT,4
LLM,llama-pro,subject_matter,llama_subject_matter,3,NEU,3,Feasible,CONTEXT,3
LLM,llama-pro,subject_matter2,llama_subject_matter2,3,NEU,4,Very feasible,CONTEXT,4
LLM,mistral,generalist,mistral_generalist,3,NEU,3,Feasible,CONTEXT,3
LLM,mistral,generalist2,mistral_generalist2,3,NEU,3,Feasible,CONTEXT,3
LLM,mistral,normative,mistral_normative,3,NEU,3,Feasible,CONTEXT,3
LLM,mistral,normative2,mistral_normative2,3,NEU,3,Feasible,CONTEXT,3
LLM,mistral,subject_matter,mistral_subject_matter,3,NEU,3,Feasible,CONTEXT,3
LLM,mistral,subject_matter2,mistral_subject_matter2,3,NEU,3,Feasible,CONTEXT,3
LLM,gemma3-12b,generalist,gemma3_generalist,3,NEU,3,Feasible,CONTEXT,3
LLM,gemma3-12b,generalist2,gemma3_generalist2,3,NEU,3,Feasible,CONTEXT,3
LLM,gemma3-12b,normative,gemma3_normative,3,NEU,3,Feasible,CONTEXT,3
LLM,gemma3-12b,normative2,gemma3_normative2,3,NEU,3,Feasible,CONTEXT,3
LLM,gemma3-12b,subject_matter,gemma3_subject_matter,3,NEU,3,Feasible,CONTEXT,3
LLM,gemma3-12b,subject_matter2,gemma3_subject_matter2,3,NEU,3,Feasible,CONTEXT,3
LLM,llama-pro,generalist,llama_generalist,4,NEU,3,Feasible,CONTEXT,3
LLM,llama-pro,generalist2,llama_generalist2,4,NEU,3,Feasible,CONTEXT,3
LLM,llama-pro,normative,llama_normative,4,NEU,3,Feasible,CONTEXT,3
LLM,llama-pro,normative2,llama_normative2,4,NEU,4,Very feasible,CONTEXT,4
LLM,llama-pro,subject_matter,llama_subject_matter,4,NEU,3,Feasible,CONTEXT,3
LLM,llama-pro,subject_matter2,llama_subject_matter2,4,NEU,3,Feasible,CONTEXT,3
LLM,mistral,generalist,mistral_generalist,4,NEU,3,Feasible,CONTEXT,3
LLM,mistral,generalist2,mistral_generalist2,4,NEU,3,Feasible,CONTEXT,3
LLM,mistral,normative,mistral_normative,4,NEU,3,Feasible,CONTEXT,3
LLM,mistral,normative2,mistral_normative2,4,NEU,3,Feasible,CONTEXT,3
LLM,mistral,subject_matter,mistral_subject_matter,4,NEU,3,Feasible,CONTEXT,3
LLM,mistral,subject_matter2,mistral_subject_matter2,4,NEU,3,Feasible,CONTEXT,3
LLM,gemma3-12b,generalist,gemma3_generalist,4,NEU,3,Feasible,CONTEXT,3
LLM,gemma3-12b,generalist2,gemma3_generalist2,4,NEU,3,Feasible,CONTEXT,3
LLM,gemma3-12b,normative,gemma3_normative,4,NEU,3,Feasible,CONTEXT,3
LLM,gemma3-12b,normative2,gemma3_normative2,4,NEU,3,Feasible,CONTEXT,3
LLM,gemma3-12b,subject_matter,gemma3_subject_matter,4,NEU,3,Feasible,CONTEXT,3
LLM,gemma3-12b,subject_matter2,gemma3_subject_matter2,4,NEU,3,Feasible,CONTEXT,3
LLM,llama-pro,generalist,llama_generalist,5,NEU,3,Feasible,CONTEXT,3
LLM,llama-pro,generalist2,llama_generalist2,5,NEU,3,Feasible,CONTEXT,3
LLM,llama-pro,normative,llama_normative,5,NEU,3,Feasible,CONTEXT,3
LLM,llama-pro,normative2,llama_normative2,5,NEU,3,Feasible,CONTEXT,3
LLM,llama-pro,subject_matter,llama_subject_matter,5,NEU,4,Very feasible,CONTEXT,4
LLM,llama-pro,subject_matter2,llama_subject_matter2,5,NEU,3,Feasible,CONTEXT,3
LLM,mistral,generalist,mistral_generalist,5,NEU,3,Feasible,CONTEXT,3
LLM,mistral,generalist2,mistral_generalist2,5,NEU,3,Feasible,CONTEXT,3
LLM,mistral,normative,mistral_normative,5,NEU,3,Feasible,CONTEXT,3
LLM,mistral,normative2,mistral_normative2,5,NEU,3,Feasible,CONTEXT,3
LLM,mistral,subject_matter,mistral_subject_matter,5,NEU,3,Feasible,CONTEXT,3
LLM,mistral,subject_matter2,mistral_subject_matter2,5,NEU,3,Feasible,CONTEXT,3
LLM,gemma3-12b,generalist,gemma3_generalist,5,NEU,3,Feasible,CONTEXT,3
LLM,gemma3-12b,generalist2,gemma3_generalist2,5,NEU,3,Feasible,CONTEXT,3
LLM,gemma3-12b,normative,gemma3_normative,5,NEU,3,Feasible,CONTEXT,3
LLM,gemma3-12b,normative2,gemma3_normative2,5,NEU,3,Feasible,CONTEXT,3
LLM,gemma3-12b,subject_matter,gemma3_subject_matter,5,NEU,3,Feasible,CONTEXT,3
LLM,gemma3-12b,subject_matter2,gemma3_subject_matter2,5,NEU,3,Feasible,CONTEXT,3
LLM,llama-pro,generalist,llama_generalist,6,NEU,3,Feasible,CONTEXT,3
LLM,llama-pro,generalist2,llama_generalist2,6,NEU,3,Feasible,CONTEXT,3
LLM,llama-pro,normative,llama_normative,6,NEU,3,Feasible,CONTEXT,3
LLM,llama-pro,normative2,llama_normative2,6,NEU,3,Feasible,CONTEXT,3
LLM,llama-pro,subject_matter,llama_subject_matter,6,NEU,4,Very feasible,CONTEXT,4
LLM,llama-pro,subject_matter2,llama_subject_matter2,6,NEU,3,Feasible,CONTEXT,3
LLM,mistral,generalist,mistral_generalist,6,NEU,3,Feasible,CONTEXT,3
LLM,mistral,generalist2,mistral_generalist2,6,NEU,3,Feasible,CONTEXT,3
LLM,mistral,normative,mistral_normative,6,NEU,3,Feasible,CONTEXT,3
LLM,mistral,normative2,mistral_normative2,6,NEU,3,Feasible,CONTEXT,3
LLM,mistral,subject_matter,mistral_subject_matter,6,NEU,3,Feasible,CONTEXT,3
LLM,mistral,subject_matter2,mistral_subject_matter2,6,NEU,3,Feasible,CONTEXT,3
LLM,gemma3-12b,generalist,gemma3_generalist,6,NEU,3,Feasible,CONTEXT,3
LLM,gemma3-12b,generalist2,gemma3_generalist2,6,NEU,3,Feasible,CONTEXT,3
LLM,gemma3-12b,normative,gemma3_normative,6,NEU,3,Feasible,CONTEXT,3
LLM,gemma3-12b,normative2,gemma3_normative2,6,NEU,3,Feasible,CONTEXT,3
LLM,gemma3-12b,subject_matter,gemma3_subject_matter,6,NEU,3,Feasible,CONTEXT,3
LLM,gemma3-12b,subject_matter2,gemma3_subject_matter2,6,NEU,3,Feasible,CONTEXT,3
LLM,llama-pro,generalist,llama_generalist,7,NEU,3,Feasible,CONTEXT,3
LLM,llama-pro,generalist2,llama_generalist2,7,NEU,3,Feasible,CONTEXT,3
LLM,llama-pro,normative,llama_normative,7,NEU,3,Feasible,CONTEXT,3
LLM,llama-pro,normative2,llama_normative2,7,NEU,3,Feasible,CONTEXT,3
LLM,llama-pro,subject_matter,llama_subject_matter,7,NEU,3,Feasible,CONTEXT,3
LLM,llama-pro,subject_matter2,llama_subject_matter2,7,NEU,4,Very feasible,CONTEXT,4
LLM,mistral,generalist,mistral_generalist,7,NEU,3,Feasible,CONTEXT,3
LLM,mistral,generalist2,mistral_generalist2,7,NEU,3,Feasible,CONTEXT,3
LLM,mistral,normative,mistral_normative,7,NEU,3,Feasible,CONTEXT,3
LLM,mistral,normative2,mistral_normative2,7,NEU,3,Feasible,CONTEXT,3
LLM,mistral,subject_matter,mistral_subject_matter,7,NEU,3,Feasible,CONTEXT,3
LLM,mistral,subject_matter2,mistral_subject_matter2,7,NEU,3,Feasible,CONTEXT,3
LLM,gemma3-12b,generalist,gemma3_generalist,7,NEU,3,Feasible,CONTEXT,3
LLM,gemma3-12b,generalist2,gemma3_generalist2,7,NEU,3,Feasible,CONTEXT,3
LLM,gemma3-12b,normative,gemma3_normative,7,NEU,3,Feasible,CONTEXT,3
LLM,gemma3-12b,normative2,gemma3_normative2,7,NEU,3,Feasible,CONTEXT,3
LLM,gemma3-12b,subject_matter,gemma3_subject_matter,7,NEU,3,Feasible,CONTEXT,3
LLM,gemma3-12b,subject_matter2,gemma3_subject_matter2,7,NEU,3,Feasible,CONTEXT,3
LLM,llama-pro,generalist,llama_generalist,8,NEU,1,Not feasible,CONTEXT,1
LLM,llama-pro,generalist2,llama_generalist2,8,NEU,3,Feasible,CONTEXT,3
LLM,llama-pro,normative,llama_normative,8,NEU,4,Very feasible,CONTEXT,4
LLM,llama-pro,normative2,llama_normative2,8,NEU,3,Feasible,CONTEXT,3
LLM,llama-pro,subject_matter,llama_subject_matter,8,NEU,2,Somewhat feasible,CONTEXT,2
LLM,llama-pro,subject_matter2,llama_subject_matter2,8,NEU,4,Very feasible,CONTEXT,4
LLM,mistral,generalist,mistral_generalist,8,NEU,3,Feasible,CONTEXT,3
LLM,mistral,generalist2,mistral_generalist2,8,NEU,3,Feasible,CONTEXT,3
LLM,mistral,normative,mistral_normative,8,NEU,3,Feasible,CONTEXT,3
LLM,mistral,normative2,mistral_normative2,8,NEU,3,Feasible,CONTEXT,3
LLM,mistral,subject_matter,mistral_subject_matter,8,NEU,3,Feasible,CONTEXT,3
LLM,mistral,subject_matter2,mistral_subject_matter2,8,NEU,3,Feasible,CONTEXT,3
LLM,gemma3-12b,generalist,gemma3_generalist,8,NEU,3,Feasible,CONTEXT,3
LLM,gemma3-12b,generalist2,gemma3_generalist2,8,NEU,3,Feasible,CONTEXT,3
LLM,gemma3-12b,normative,gemma3_normative,8,NEU,3,Feasible,CONTEXT,3
LLM,gemma3-12b,normative2,gemma3_normative2,8,NEU,3,Feasible,CONTEXT,3
LLM,gemma3-12b,subject_matter,gemma3_subject_matter,8,NEU,3,Feasible,CONTEXT,3
LLM,gemma3-12b,subject_matter2,gemma3_subject_matter2,8,NEU,3,Feasible,CONTEXT,3
LLM,llama-pro,generalist,llama_generalist,9,NEU,3,Feasible,CONTEXT,3
LLM,llama-pro,generalist2,llama_generalist2,9,NEU,3,Feasible,CONTEXT,3
LLM,llama-pro,normative,llama_normative,9,NEU,3,Feasible,CONTEXT,3
LLM,llama-pro,normative2,llama_normative2,9,NEU,3,Feasible,CONTEXT,3
LLM,llama-pro,subject_matter,llama_subject_matter,9,NEU,3,Feasible,CONTEXT,3
LLM,llama-pro,subject_matter2,llama_subject_matter2,9,NEU,3,Feasible,CONTEXT,3
LLM,mistral,generalist,mistral_generalist,9,NEU,3,Feasible,CONTEXT,3
LLM,mistral,generalist2,mistral_generalist2,9,NEU,3,Feasible,CONTEXT,3
LLM,mistral,normative,mistral_normative,9,NEU,3,Feasible,CONTEXT,3
LLM,mistral,normative2,mistral_normative2,9,NEU,3,Feasible,CONTEXT,3
LLM,mistral,subject_matter,mistral_subject_matter,9,NEU,3,Feasible,CONTEXT,3
LLM,mistral,subject_matter2,mistral_subject_matter2,9,NEU,3,Feasible,CONTEXT,3
LLM,gemma3-12b,generalist,gemma3_generalist,9,NEU,3,Feasible,CONTEXT,3
LLM,gemma3-12b,generalist2,gemma3_generalist2,9,NEU,3,Feasible,CONTEXT,3
LLM,gemma3-12b,normative,gemma3_normative,9,NEU,3,Feasible,CONTEXT,3
LLM,gemma3-12b,normative2,gemma3_normative2,9,NEU,3,Feasible,CONTEXT,3
LLM,gemma3-12b,subject_matter,gemma3_subject_matter,9,NEU,3,Feasible,CONTEXT,3
LLM,gemma3-12b,subject_matter2,gemma3_subject_matter2,9,NEU,3,Feasible,CONTEXT,3
LLM,llama-pro,generalist,llama_generalist,10,NEU,4,Very feasible,CONTEXT,4
LLM,llama-pro,generalist2,llama_generalist2,10,NEU,3,Feasible,CONTEXT,3
LLM,llama-pro,normative,llama_normative,10,NEU,2,Somewhat feasible,CONTEXT,2
LLM,llama-pro,normative2,llama_normative2,10,NEU,2,Somewhat feasible,CONTEXT,2
LLM,llama-pro,subject_matter,llama_subject_matter,10,NEU,2,Somewhat feasible,CONTEXT,2
LLM,llama-pro,subject_matter2,llama_subject_matter2,10,NEU,4,Very feasible,CONTEXT,4
LLM,mistral,generalist,mistral_generalist,10,NEU,3,Feasible,CONTEXT,3
LLM,mistral,generalist2,mistral_generalist2,10,NEU,3,Feasible,CONTEXT,3
LLM,mistral,normative,mistral_normative,10,NEU,3,Feasible,CONTEXT,3
LLM,mistral,normative2,mistral_normative2,10,NEU,3,Feasible,CONTEXT,3
LLM,mistral,subject_matter,mistral_subject_matter,10,NEU,3,Feasible,CONTEXT,3
LLM,mistral,subject_matter2,mistral_subject_matter2,10,NEU,3,Feasible,CONTEXT,3
LLM,gemma3-12b,generalist,gemma3_generalist,10,NEU,3,Feasible,CONTEXT,3
LLM,gemma3-12b,generalist2,gemma3_generalist2,10,NEU,3,Feasible,CONTEXT,3
LLM,gemma3-12b,normative,gemma3_normative,10,NEU,3,Feasible,CONTEXT,3
LLM,gemma3-12b,normative2,gemma3_normative2,10,NEU,3,Feasible,CONTEXT,3
LLM,gemma3-12b,subject_matter,gemma3_subject_matter,10,NEU,3,Feasible,CONTEXT,3
LLM,gemma3-12b,subject_matter2,gemma3_subject_matter2,10,NEU,3,Feasible,CONTEXT,3
LLM,llama-pro,generalist,llama_generalist,11,NEU,2,Somewhat feasible,CONTEXT,2
LLM,llama-pro,generalist2,llama_generalist2,11,NEU,3,Feasible,CONTEXT,3
LLM,llama-pro,normative,llama_normative,11,NEU,2,Somewhat feasible,CONTEXT,2
LLM,llama-pro,normative2,llama_normative2,11,NEU,2,Somewhat feasible,CONTEXT,2
LLM,llama-pro,subject_matter,llama_subject_matter,11,NEU,3,Feasible,CONTEXT,3
LLM,llama-pro,subject_matter2,llama_subject_matter2,11,NEU,3,Feasible,CONTEXT,3
LLM,mistral,generalist,mistral_generalist,11,NEU,3,Feasible,CONTEXT,3
LLM,mistral,generalist2,mistral_generalist2,11,NEU,3,Feasible,CONTEXT,3
LLM,mistral,normative,mistral_normative,11,NEU,3,Feasible,CONTEXT,3
LLM,mistral,normative2,mistral_normative2,11,NEU,3,Feasible,CONTEXT,3
LLM,mistral,subject_matter,mistral_subject_matter,11,NEU,3,Feasible,CONTEXT,3
LLM,mistral,subject_matter2,mistral_subject_matter2,11,NEU,3,Feasible,CONTEXT,3
LLM,gemma3-12b,generalist,gemma3_generalist,11,NEU,3,Feasible,CONTEXT,3
LLM,gemma3-12b,generalist2,gemma3_generalist2,11,NEU,3,Feasible,CONTEXT,3
LLM,gemma3-12b,normative,gemma3_normative,11,NEU,3,Feasible,CONTEXT,3
LLM,gemma3-12b,normative2,gemma3_normative2,11,NEU,3,Feasible,CONTEXT,3
LLM,gemma3-12b,subject_matter,gemma3_subject_matter,11,NEU,3,Feasible,CONTEXT,3
LLM,gemma3-12b,subject_matter2,gemma3_subject_matter2,11,NEU,3,Feasible,CONTEXT,3
LLM,llama-pro,generalist,llama_generalist,12,NEU,3,Feasible,CONTEXT,3
LLM,llama-pro,generalist2,llama_generalist2,12,NEU,3,Feasible,CONTEXT,3
LLM,llama-pro,normative,llama_normative,12,NEU,3,Feasible,CONTEXT,3
LLM,llama-pro,normative2,llama_normative2,12,NEU,3,Feasible,CONTEXT,3
LLM,llama-pro,subject_matter,llama_subject_matter,12,NEU,3,Feasible,CONTEXT,3
LLM,llama-pro,subject_matter2,llama_subject_matter2,12,NEU,4,Very feasible,CONTEXT,4
LLM,mistral,generalist,mistral_generalist,12,NEU,3,Feasible,CONTEXT,3
LLM,mistral,generalist2,mistral_generalist2,12,NEU,3,Feasible,CONTEXT,3
LLM,mistral,normative,mistral_normative,12,NEU,3,Feasible,CONTEXT,3
LLM,mistral,normative2,mistral_normative2,12,NEU,3,Feasible,CONTEXT,3
LLM,mistral,subject_matter,mistral_subject_matter,12,NEU,3,Feasible,CONTEXT,3
LLM,mistral,subject_matter2,mistral_subject_matter2,12,NEU,3,Feasible,CONTEXT,3
LLM,gemma3-12b,generalist,gemma3_generalist,12,NEU,3,Feasible,CONTEXT,3
LLM,gemma3-12b,generalist2,gemma3_generalist2,12,NEU,3,Feasible,CONTEXT,3
LLM,gemma3-12b,normative,gemma3_normative,12,NEU,3,Feasible,CONTEXT,3
LLM,gemma3-12b,normative2,gemma3_normative2,12,NEU,3,Feasible,CONTEXT,3
LLM,gemma3-12b,subject_matter,gemma3_subject_matter,12,NEU,3,Feasible,CONTEXT,3
LLM,gemma3-12b,subject_matter2,gemma3_subject_matter2,12,NEU,3,Feasible,CONTEXT,3
LLM,llama-pro,generalist,llama_generalist,13,NEU,3,Feasible,CONTEXT,3
LLM,llama-pro,generalist2,llama_generalist2,13,NEU,3,Feasible,CONTEXT,3
LLM,llama-pro,normative,llama_normative,13,NEU,3,Feasible,CONTEXT,3
LLM,llama-pro,normative2,llama_normative2,13,NEU,3,Feasible,CONTEXT,3
LLM,llama-pro,subject_matter,llama_subject_matter,13,NEU,3,Feasible,CONTEXT,3
LLM,llama-pro,subject_matter2,llama_subject_matter2,13,NEU,3,Feasible,CONTEXT,3
LLM,mistral,generalist,mistral_generalist,13,NEU,3,Feasible,CONTEXT,3
LLM,mistral,generalist2,mistral_generalist2,13,NEU,3,Feasible,CONTEXT,3
LLM,mistral,normative,mistral_normative,13,NEU,3,Feasible,CONTEXT,3
LLM,mistral,normative2,mistral_normative2,13,NEU,3,Feasible,CONTEXT,3
LLM,mistral,subject_matter,mistral_subject_matter,13,NEU,3,Feasible,CONTEXT,3
LLM,mistral,subject_matter2,mistral_subject_matter2,13,NEU,3,Feasible,CONTEXT,3
LLM,gemma3-12b,generalist,gemma3_generalist,13,NEU,3,Feasible,CONTEXT,3
LLM,gemma3-12b,generalist2,gemma3_generalist2,13,NEU,3,Feasible,CONTEXT,3
LLM,gemma3-12b,normative,gemma3_normative,13,NEU,3,Feasible,CONTEXT,3
LLM,gemma3-12b,normative2,gemma3_normative2,13,NEU,3,Feasible,CONTEXT,3
LLM,gemma3-12b,subject_matter,gemma3_subject_matter,13,NEU,3,Feasible,CONTEXT,3
LLM,gemma3-12b,subject_matter2,gemma3_subject_matter2,13,NEU,3,Feasible,CONTEXT,3
LLM,llama-pro,generalist,llama_generalist,14,NEU,3,Feasible,CONTEXT,3
LLM,llama-pro,generalist2,llama_generalist2,14,NEU,4,Very feasible,CONTEXT,4
LLM,llama-pro,normative,llama_normative,14,NEU,2,Somewhat feasible,CONTEXT,2
LLM,llama-pro,normative2,llama_normative2,14,NEU,3,Feasible,CONTEXT,3
LLM,llama-pro,subject_matter,llama_subject_matter,14,NEU,4,Very feasible,CONTEXT,4
LLM,llama-pro,subject_matter2,llama_subject_matter2,14,NEU,3,Feasible,CONTEXT,3
LLM,mistral,generalist,mistral_generalist,14,NEU,3,Feasible,CONTEXT,3
LLM,mistral,generalist2,mistral_generalist2,14,NEU,3,Feasible,CONTEXT,3
LLM,mistral,normative,mistral_normative,14,NEU,3,Feasible,CONTEXT,3
LLM,mistral,normative2,mistral_normative2,14,NEU,3,Feasible,CONTEXT,3
LLM,mistral,subject_matter,mistral_subject_matter,14,NEU,3,Feasible,CONTEXT,3
LLM,mistral,subject_matter2,mistral_subject_matter2,14,NEU,3,Feasible,CONTEXT,3
LLM,gemma3-12b,generalist,gemma3_generalist,14,NEU,3,Feasible,CONTEXT,3
LLM,gemma3-12b,generalist2,gemma3_generalist2,14,NEU,3,Feasible,CONTEXT,3
LLM,gemma3-12b,normative,gemma3_normative,14,NEU,3,Feasible,CONTEXT,3
LLM,gemma3-12b,normative2,gemma3_normative2,14,NEU,3,Feasible,CONTEXT,3
LLM,gemma3-12b,subject_matter,gemma3_subject_matter,14,NEU,3,Feasible,CONTEXT,3
LLM,gemma3-12b,subject_matter2,gemma3_subject_matter2,14,NEU,3,Feasible,CONTEXT,3
LLM,llama-pro,generalist,llama_generalist,15,NEU,3,Feasible,CONTEXT,3
LLM,llama-pro,generalist2,llama_generalist2,15,NEU,4,Very feasible,CONTEXT,4
LLM,llama-pro,normative,llama_normative,15,NEU,3,Feasible,CONTEXT,3
LLM,llama-pro,normative2,llama_normative2,15,NEU,4,Very feasible,CONTEXT,4
LLM,llama-pro,subject_matter,llama_subject_matter,15,NEU,3,Feasible,CONTEXT,3
LLM,llama-pro,subject_matter2,llama_subject_matter2,15,NEU,4,Very feasible,CONTEXT,4
LLM,mistral,generalist,mistral_generalist,15,NEU,3,Feasible,CONTEXT,3
LLM,mistral,generalist2,mistral_generalist2,15,NEU,3,Feasible,CONTEXT,3
LLM,mistral,normative,mistral_normative,15,NEU,3,Feasible,CONTEXT,3
LLM,mistral,normative2,mistral_normative2,15,NEU,3,Feasible,CONTEXT,3
LLM,mistral,subject_matter,mistral_subject_matter,15,NEU,3,Feasible,CONTEXT,3
LLM,mistral,subject_matter2,mistral_subject_matter2,15,NEU,3,Feasible,CONTEXT,3
LLM,gemma3-12b,generalist,gemma3_generalist,15,NEU,3,Feasible,CONTEXT,3
LLM,gemma3-12b,generalist2,gemma3_generalist2,15,NEU,3,Feasible,CONTEXT,3
LLM,gemma3-12b,normative,gemma3_normative,15,NEU,3,Feasible,CONTEXT,3
LLM,gemma3-12b,normative2,gemma3_normative2,15,NEU,3,Feasible,CONTEXT,3
LLM,gemma3-12b,subject_matter,gemma3_subject_matter,15,NEU,3,Feasible,CONTEXT,3
LLM,gemma3-12b,subject_matter2,gemma3_subject_matter2,15,NEU,3,Feasible,CONTEXT,3
LLM,llama-pro,generalist,llama_generalist,16,NEU,1,Not feasible,CONTEXT,1
LLM,llama-pro,generalist2,llama_generalist2,16,NEU,4,Very feasible,CONTEXT,4
LLM,llama-pro,normative,llama_normative,16,NEU,4,Very feasible,CONTEXT,4
LLM,llama-pro,normative2,llama_normative2,16,NEU,3,Feasible,CONTEXT,3
LLM,llama-pro,subject_matter,llama_subject_matter,16,NEU,4,Very feasible,CONTEXT,4
LLM,llama-pro,subject_matter2,llama_subject_matter2,16,NEU,3,Feasible,CONTEXT,3
LLM,mistral,generalist,mistral_generalist,16,NEU,3,Feasible,CONTEXT,3
LLM,mistral,generalist2,mistral_generalist2,16,NEU,3,Feasible,CONTEXT,3
LLM,mistral,normative,mistral_normative,16,NEU,3,Feasible,CONTEXT,3
LLM,mistral,normative2,mistral_normative2,16,NEU,3,Feasible,CONTEXT,3
LLM,mistral,subject_matter,mistral_subject_matter,16,NEU,3,Feasible,CONTEXT,3
LLM,mistral,subject_matter2,mistral_subject_matter2,16,NEU,3,Feasible,CONTEXT,3
LLM,gemma3-12b,generalist,gemma3_generalist,16,NEU,3,Feasible,CONTEXT,3
LLM,gemma3-12b,generalist2,gemma3_generalist2,16,NEU,3,Feasible,CONTEXT,3
LLM,gemma3-12b,normative,gemma3_normative,16,NEU,3,Feasible,CONTEXT,3
LLM,gemma3-12b,normative2,gemma3_normative2,16,NEU,3,Feasible,CONTEXT,3
LLM,gemma3-12b,subject_matter,gemma3_subject_matter,16,NEU,3,Feasible,CONTEXT,3
LLM,gemma3-12b,subject_matter2,gemma3_subject_matter2,16,NEU,3,Feasible,CONTEXT,3
LLM,llama-pro,generalist,llama_generalist,17,NEU,3,Feasible,CONTEXT,3
LLM,llama-pro,generalist2,llama_generalist2,17,NEU,3,Feasible,CONTEXT,3
LLM,llama-pro,normative,llama_normative,17,NEU,4,Very feasible,CONTEXT,4
LLM,llama-pro,normative2,llama_normative2,17,NEU,3,Feasible,CONTEXT,3
LLM,llama-pro,subject_matter,llama_subject_matter,17,NEU,3,Feasible,CONTEXT,3
LLM,llama-pro,subject_matter2,llama_subject_matter2,17,NEU,3,Feasible,CONTEXT,3
LLM,mistral,generalist,mistral_generalist,17,NEU,3,Feasible,CONTEXT,3
LLM,mistral,generalist2,mistral_generalist2,17,NEU,3,Feasible,CONTEXT,3
LLM,mistral,normative,mistral_normative,17,NEU,3,Feasible,CONTEXT,3
LLM,mistral,normative2,mistral_normative2,17,NEU,3,Feasible,CONTEXT,3
LLM,mistral,subject_matter,mistral_subject_matter,17,NEU,3,Feasible,CONTEXT,3
LLM,mistral,subject_matter2,mistral_subject_matter2,17,NEU,3,Feasible,CONTEXT,3
LLM,gemma3-12b,generalist,gemma3_generalist,17,NEU,3,Feasible,CONTEXT,3
LLM,gemma3-12b,generalist2,gemma3_generalist2,17,NEU,3,Feasible,CONTEXT,3
LLM,gemma3-12b,normative,gemma3_normative,17,NEU,3,Feasible,CONTEXT,3
LLM,gemma3-12b,normative2,gemma3_normative2,17,NEU,3,Feasible,CONTEXT,3
LLM,gemma3-12b,subject_matter,gemma3_subject_matter,17,NEU,3,Feasible,CONTEXT,3
LLM,gemma3-12b,subject_matter2,gemma3_subject_matter2,17,NEU,3,Feasible,CONTEXT,3
LLM,llama-pro,generalist,llama_generalist,18,NEU,4,Very feasible,CONTEXT,4
LLM,llama-pro,generalist2,llama_generalist2,18,NEU,3,Feasible,CONTEXT,3
LLM,llama-pro,normative,llama_normative,18,NEU,3,Feasible,CONTEXT,3
LLM,llama-pro,normative2,llama_normative2,18,NEU,3,Feasible,CONTEXT,3
LLM,llama-pro,subject_matter,llama_subject_matter,18,NEU,4,Very feasible,CONTEXT,4
LLM,llama-pro,subject_matter2,llama_subject_matter2,18,NEU,2,Somewhat feasible,CONTEXT,2
LLM,mistral,generalist,mistral_generalist,18,NEU,3,Feasible,CONTEXT,3
LLM,mistral,generalist2,mistral_generalist2,18,NEU,3,Feasible,CONTEXT,3
LLM,mistral,normative,mistral_normative,18,NEU,3,Feasible,CONTEXT,3
LLM,mistral,normative2,mistral_normative2,18,NEU,3,Feasible,CONTEXT,3
LLM,mistral,subject_matter,mistral_subject_matter,18,NEU,3,Feasible,CONTEXT,3
LLM,mistral,subject_matter2,mistral_subject_matter2,18,NEU,3,Feasible,CONTEXT,3
LLM,gemma3-12b,generalist,gemma3_generalist,18,NEU,3,Feasible,CONTEXT,3
LLM,gemma3-12b,generalist2,gemma3_generalist2,18,NEU,3,Feasible,CONTEXT,3
LLM,gemma3-12b,normative,gemma3_normative,18,NEU,3,Feasible,CONTEXT,3
LLM,gemma3-12b,normative2,gemma3_normative2,18,NEU,3,Feasible,CONTEXT,3
LLM,gemma3-12b,subject_matter,gemma3_subject_matter,18,NEU,3,Feasible,CONTEXT,3
LLM,gemma3-12b,subject_matter2,gemma3_subject_matter2,18,NEU,3,Feasible,CONTEXT,3
LLM,llama-pro,generalist,llama_generalist,19,NEU,4,Very feasible,CONTEXT,4
LLM,llama-pro,generalist2,llama_generalist2,19,NEU,3,Feasible,CONTEXT,3
LLM,llama-pro,normative,llama_normative,19,NEU,2,Somewhat feasible,CONTEXT,2
LLM,llama-pro,normative2,llama_normative2,19,NEU,2,Somewhat feasible,CONTEXT,2
LLM,llama-pro,subject_matter,llama_subject_matter,19,NEU,3,Feasible,CONTEXT,3
LLM,llama-pro,subject_matter2,llama_subject_matter2,19,NEU,3,Feasible,CONTEXT,3
LLM,mistral,generalist,mistral_generalist,19,NEU,3,Feasible,CONTEXT,3
LLM,mistral,generalist2,mistral_generalist2,19,NEU,3,Feasible,CONTEXT,3
LLM,mistral,normative,mistral_normative,19,NEU,3,Feasible,CONTEXT,3
LLM,mistral,normative2,mistral_normative2,19,NEU,3,Feasible,CONTEXT,3
LLM,mistral,subject_matter,mistral_subject_matter,19,NEU,3,Feasible,CONTEXT,3
LLM,mistral,subject_matter2,mistral_subject_matter2,19,NEU,3,Feasible,CONTEXT,3
LLM,gemma3-12b,generalist,gemma3_generalist,19,NEU,3,Feasible,CONTEXT,3
LLM,gemma3-12b,generalist2,gemma3_generalist2,19,NEU,3,Feasible,CONTEXT,3
LLM,gemma3-12b,normative,gemma3_normative,19,NEU,3,Feasible,CONTEXT,3
LLM,gemma3-12b,normative2,gemma3_normative2,19,NEU,3,Feasible,CONTEXT,3
LLM,gemma3-12b,subject_matter,gemma3_subject_matter,19,NEU,3,Feasible,CONTEXT,3
LLM,gemma3-12b,subject_matter2,gemma3_subject_matter2,19,NEU,3,Feasible,CONTEXT,3
LLM,llama-pro,generalist,llama_generalist,20,NEU,3,Feasible,CONTEXT,3
LLM,llama-pro,generalist2,llama_generalist2,20,NEU,3,Feasible,CONTEXT,3
LLM,llama-pro,normative,llama_normative,20,NEU,2,Somewhat feasible,CONTEXT,2
LLM,llama-pro,normative2,llama_normative2,20,NEU,3,Feasible,CONTEXT,3
LLM,llama-pro,subject_matter,llama_subject_matter,20,NEU,3,Feasible,CONTEXT,3
LLM,llama-pro,subject_matter2,llama_subject_matter2,20,NEU,4,Very feasible,CONTEXT,4
LLM,mistral,generalist,mistral_generalist,20,NEU,3,Feasible,CONTEXT,3
LLM,mistral,generalist2,mistral_generalist2,20,NEU,3,Feasible,CONTEXT,3
LLM,mistral,normative,mistral_normative,20,NEU,3,Feasible,CONTEXT,3
LLM,mistral,normative2,mistral_normative2,20,NEU,3,Feasible,CONTEXT,3
LLM,mistral,subject_matter,mistral_subject_matter,20,NEU,3,Feasible,CONTEXT,3
LLM,mistral,subject_matter2,mistral_subject_matter2,20,NEU,3,Feasible,CONTEXT,3
LLM,gemma3-12b,generalist,gemma3_generalist,20,NEU,3,Feasible,CONTEXT,3
LLM,gemma3-12b,generalist2,gemma3_generalist2,20,NEU,3,Feasible,CONTEXT,3
LLM,gemma3-12b,normative,gemma3_normative,20,NEU,3,Feasible,CONTEXT,3
LLM,gemma3-12b,normative2,gemma3_normative2,20,NEU,3,Feasible,CONTEXT,3
LLM,gemma3-12b,subject_matter,gemma3_subject_matter,20,NEU,3,Feasible,CONTEXT,3
LLM,gemma3-12b,subject_matter2,gemma3_subject_matter2,20,NEU,3,Feasible,CONTEXT,3
LLM,llama-pro,generalist,llama_generalist,21,NEU,4,Very feasible,CONTEXT,4
LLM,llama-pro,generalist2,llama_generalist2,21,NEU,4,Very feasible,CONTEXT,4
LLM,llama-pro,normative,llama_normative,21,NEU,3,Feasible,CONTEXT,3
LLM,llama-pro,normative2,llama_normative2,21,NEU,3,Feasible,CONTEXT,3
LLM,llama-pro,subject_matter,llama_subject_matter,21,NEU,3,Feasible,CONTEXT,3
LLM,llama-pro,subject_matter2,llama_subject_matter2,21,NEU,4,Very feasible,CONTEXT,4
LLM,mistral,generalist,mistral_generalist,21,NEU,3,Feasible,CONTEXT,3
LLM,mistral,generalist2,mistral_generalist2,21,NEU,3,Feasible,CONTEXT,3
LLM,mistral,normative,mistral_normative,21,NEU,3,Feasible,CONTEXT,3
LLM,mistral,normative2,mistral_normative2,21,NEU,3,Feasible,CONTEXT,3
LLM,mistral,subject_matter,mistral_subject_matter,21,NEU,3,Feasible,CONTEXT,3
LLM,mistral,subject_matter2,mistral_subject_matter2,21,NEU,3,Feasible,CONTEXT,3
LLM,gemma3-12b,generalist,gemma3_generalist,21,NEU,3,Feasible,CONTEXT,3
LLM,gemma3-12b,generalist2,gemma3_generalist2,21,NEU,3,Feasible,CONTEXT,3
LLM,gemma3-12b,normative,gemma3_normative,21,NEU,3,Feasible,CONTEXT,3
LLM,gemma3-12b,normative2,gemma3_normative2,21,NEU,3,Feasible,CONTEXT,3
LLM,gemma3-12b,subject_matter,gemma3_subject_matter,21,NEU,3,Feasible,CONTEXT,3
LLM,gemma3-12b,subject_matter2,gemma3_subject_matter2,21,NEU,3,Feasible,CONTEXT,3
LLM,llama-pro,generalist,llama_generalist,22,NEU,4,Very feasible,CONTEXT,4
LLM,llama-pro,generalist2,llama_generalist2,22,NEU,4,Very feasible,CONTEXT,4
LLM,llama-pro,normative,llama_normative,22,NEU,3,Feasible,CONTEXT,3
LLM,llama-pro,normative2,llama_normative2,22,NEU,3,Feasible,CONTEXT,3
LLM,llama-pro,subject_matter,llama_subject_matter,22,NEU,3,Feasible,CONTEXT,3
LLM,llama-pro,subject_matter2,llama_subject_matter2,22,NEU,4,Very feasible,CONTEXT,4
LLM,mistral,generalist,mistral_generalist,22,NEU,3,Feasible,CONTEXT,3
LLM,mistral,generalist2,mistral_generalist2,22,NEU,3,Feasible,CONTEXT,3
LLM,mistral,normative,mistral_normative,22,NEU,3,Feasible,CONTEXT,3
LLM,mistral,normative2,mistral_normative2,22,NEU,3,Feasible,CONTEXT,3
LLM,mistral,subject_matter,mistral_subject_matter,22,NEU,3,Feasible,CONTEXT,3
LLM,mistral,subject_matter2,mistral_subject_matter2,22,NEU,3,Feasible,CONTEXT,3
LLM,gemma3-12b,generalist,gemma3_generalist,22,NEU,3,Feasible,CONTEXT,3
LLM,gemma3-12b,generalist2,gemma3_generalist2,22,NEU,3,Feasible,CONTEXT,3
LLM,gemma3-12b,normative,gemma3_normative,22,NEU,3,Feasible,CONTEXT,3
LLM,gemma3-12b,normative2,gemma3_normative2,22,NEU,3,Feasible,CONTEXT,3
LLM,gemma3-12b,subject_matter,gemma3_subject_matter,22,NEU,3,Feasible,CONTEXT,3
LLM,gemma3-12b,subject_matter2,gemma3_subject_matter2,22,NEU,3,Feasible,CONTEXT,3
LLM,llama-pro,generalist,llama_generalist,23,NEU,4,Very feasible,CONTEXT,4
LLM,llama-pro,generalist2,llama_generalist2,23,NEU,3,Feasible,CONTEXT,3
LLM,llama-pro,normative,llama_normative,23,NEU,4,Very feasible,CONTEXT,4
LLM,llama-pro,normative2,llama_normative2,23,NEU,4,Very feasible,CONTEXT,4
LLM,llama-pro,subject_matter,llama_subject_matter,23,NEU,4,Very feasible,CONTEXT,4
LLM,llama-pro,subject_matter2,llama_subject_matter2,23,NEU,3,Feasible,CONTEXT,3
LLM,mistral,generalist,mistral_generalist,23,NEU,3,Feasible,CONTEXT,3
LLM,mistral,generalist2,mistral_generalist2,23,NEU,3,Feasible,CONTEXT,3
LLM,mistral,normative,mistral_normative,23,NEU,3,Feasible,CONTEXT,3
LLM,mistral,normative2,mistral_normative2,23,NEU,3,Feasible,CONTEXT,3
LLM,mistral,subject_matter,mistral_subject_matter,23,NEU,3,Feasible,CONTEXT,3
LLM,mistral,subject_matter2,mistral_subject_matter2,23,NEU,3,Feasible,CONTEXT,3
LLM,gemma3-12b,generalist,gemma3_generalist,23,NEU,3,Feasible,CONTEXT,3
LLM,gemma3-12b,generalist2,gemma3_generalist2,23,NEU,3,Feasible,CONTEXT,3
LLM,gemma3-12b,normative,gemma3_normative,23,NEU,3,Feasible,CONTEXT,3
LLM,gemma3-12b,normative2,gemma3_normative2,23,NEU,3,Feasible,CONTEXT,3
LLM,gemma3-12b,subject_matter,gemma3_subject_matter,23,NEU,3,Feasible,CONTEXT,3
LLM,gemma3-12b,subject_matter2,gemma3_subject_matter2,23,NEU,3,Feasible,CONTEXT,3
LLM,llama-pro,generalist,llama_generalist,24,NEU,3,Feasible,CONTEXT,3
LLM,llama-pro,generalist2,llama_generalist2,24,NEU,3,Feasible,CONTEXT,3
LLM,llama-pro,normative,llama_normative,24,NEU,3,Feasible,CONTEXT,3
LLM,llama-pro,normative2,llama_normative2,24,NEU,4,Very feasible,CONTEXT,4
LLM,llama-pro,subject_matter,llama_subject_matter,24,NEU,4,Very feasible,CONTEXT,4
LLM,llama-pro,subject_matter2,llama_subject_matter2,24,NEU,4,Very feasible,CONTEXT,4
LLM,mistral,generalist,mistral_generalist,24,NEU,3,Feasible,CONTEXT,3
LLM,mistral,generalist2,mistral_generalist2,24,NEU,3,Feasible,CONTEXT,3
LLM,mistral,normative,mistral_normative,24,NEU,3,Feasible,CONTEXT,3
LLM,mistral,normative2,mistral_normative2,24,NEU,3,Feasible,CONTEXT,3
LLM,mistral,subject_matter,mistral_subject_matter,24,NEU,3,Feasible,CONTEXT,3
LLM,mistral,subject_matter2,mistral_subject_matter2,24,NEU,3,Feasible,CONTEXT,3
LLM,gemma3-12b,generalist,gemma3_generalist,24,NEU,3,Feasible,CONTEXT,3
LLM,gemma3-12b,generalist2,gemma3_generalist2,24,NEU,3,Feasible,CONTEXT,3
LLM,gemma3-12b,normative,gemma3_normative,24,NEU,3,Feasible,CONTEXT,3
LLM,gemma3-12b,normative2,gemma3_normative2,24,NEU,3,Feasible,CONTEXT,3
LLM,gemma3-12b,subject_matter,gemma3_subject_matter,24,NEU,3,Feasible,CONTEXT,3
LLM,gemma3-12b,subject_matter2,gemma3_subject_matter2,24,NEU,3,Feasible,CONTEXT,3
LLM,llama-pro,generalist,llama_generalist,25,NEU,2,Somewhat feasible,CONTEXT,2
LLM,llama-pro,generalist2,llama_generalist2,25,NEU,3,Feasible,CONTEXT,3
LLM,llama-pro,normative,llama_normative,25,NEU,3,Feasible,CONTEXT,3
LLM,llama-pro,normative2,llama_normative2,25,NEU,1,Not feasible,CONTEXT,1
LLM,llama-pro,subject_matter,llama_subject_matter,25,NEU,3,Feasible,CONTEXT,3
LLM,llama-pro,subject_matter2,llama_subject_matter2,25,NEU,4,Very feasible,CONTEXT,4
LLM,mistral,generalist,mistral_generalist,25,NEU,3,Feasible,CONTEXT,3
LLM,mistral,generalist2,mistral_generalist2,25,NEU,3,Feasible,CONTEXT,3
LLM,mistral,normative,mistral_normative,25,NEU,3,Feasible,CONTEXT,3
LLM,mistral,normative2,mistral_normative2,25,NEU,3,Feasible,CONTEXT,3
LLM,mistral,subject_matter,mistral_subject_matter,25,NEU,3,Feasible,CONTEXT,3
LLM,mistral,subject_matter2,mistral_subject_matter2,25,NEU,3,Feasible,CONTEXT,3
LLM,gemma3-12b,generalist,gemma3_generalist,25,NEU,3,Feasible,CONTEXT,3
LLM,gemma3-12b,generalist2,gemma3_generalist2,25,NEU,3,Feasible,CONTEXT,3
LLM,gemma3-12b,normative,gemma3_normative,25,NEU,3,Feasible,CONTEXT,3
LLM,gemma3-12b,normative2,gemma3_normative2,25,NEU,3,Feasible,CONTEXT,3
LLM,gemma3-12b,subject_matter,gemma3_subject_matter,25,NEU,3,Feasible,CONTEXT,3
LLM,gemma3-12b,subject_matter2,gemma3_subject_matter2,25,NEU,3,Feasible,CONTEXT,3
LLM,llama-pro,generalist,llama_generalist,26,NEU,3,Feasible,CONTEXT,3
LLM,llama-pro,generalist2,llama_generalist2,26,NEU,3,Feasible,CONTEXT,3
LLM,llama-pro,normative,llama_normative,26,NEU,3,Feasible,CONTEXT,3
LLM,llama-pro,normative2,llama_normative2,26,NEU,3,Feasible,CONTEXT,3
LLM,llama-pro,subject_matter,llama_subject_matter,26,NEU,3,Feasible,CONTEXT,3
LLM,llama-pro,subject_matter2,llama_subject_matter2,26,NEU,4,Very feasible,CONTEXT,4
LLM,mistral,generalist,mistral_generalist,26,NEU,3,Feasible,CONTEXT,3
LLM,mistral,generalist2,mistral_generalist2,26,NEU,3,Feasible,CONTEXT,3
LLM,mistral,normative,mistral_normative,26,NEU,3,Feasible,CONTEXT,3
LLM,mistral,normative2,mistral_normative2,26,NEU,3,Feasible,CONTEXT,3
LLM,mistral,subject_matter,mistral_subject_matter,26,NEU,3,Feasible,CONTEXT,3
LLM,mistral,subject_matter2,mistral_subject_matter2,26,NEU,3,Feasible,CONTEXT,3
LLM,gemma3-12b,generalist,gemma3_generalist,26,NEU,3,Feasible,CONTEXT,3
LLM,gemma3-12b,generalist2,gemma3_generalist2,26,NEU,3,Feasible,CONTEXT,3
LLM,gemma3-12b,normative,gemma3_normative,26,NEU,3,Feasible,CONTEXT,3
LLM,gemma3-12b,normative2,gemma3_normative2,26,NEU,3,Feasible,CONTEXT,3
LLM,gemma3-12b,subject_matter,gemma3_subject_matter,26,NEU,3,Feasible,CONTEXT,3
LLM,gemma3-12b,subject_matter2,gemma3_subject_matter2,26,NEU,3,Feasible,CONTEXT,3
LLM,llama-pro,generalist,llama_generalist,27,NEU,3,Feasible,CONTEXT,3
LLM,llama-pro,generalist2,llama_generalist2,27,NEU,3,Feasible,CONTEXT,3
LLM,llama-pro,normative,llama_normative,27,NEU,3,Feasible,CONTEXT,3
LLM,llama-pro,normative2,llama_normative2,27,NEU,4,Very feasible,CONTEXT,4
LLM,llama-pro,subject_matter,llama_subject_matter,27,NEU,4,Very feasible,CONTEXT,4
LLM,llama-pro,subject_matter2,llama_subject_matter2,27,NEU,2,Somewhat feasible,CONTEXT,2
LLM,mistral,generalist,mistral_generalist,27,NEU,3,Feasible,CONTEXT,3
LLM,mistral,generalist2,mistral_generalist2,27,NEU,3,Feasible,CONTEXT,3
LLM,mistral,normative,mistral_normative,27,NEU,3,Feasible,CONTEXT,3
LLM,mistral,normative2,mistral_normative2,27,NEU,3,Feasible,CONTEXT,3
LLM,mistral,subject_matter,mistral_subject_matter,27,NEU,3,Feasible,CONTEXT,3
LLM,mistral,subject_matter2,mistral_subject_matter2,27,NEU,3,Feasible,CONTEXT,3
LLM,gemma3-12b,generalist,gemma3_generalist,27,NEU,3,Feasible,CONTEXT,3
LLM,gemma3-12b,generalist2,gemma3_generalist2,27,NEU,3,Feasible,CONTEXT,3
LLM,gemma3-12b,normative,gemma3_normative,27,NEU,3,Feasible,CONTEXT,3
LLM,gemma3-12b,normative2,gemma3_normative2,27,NEU,3,Feasible,CONTEXT,3
LLM,gemma3-12b,subject_matter,gemma3_subject_matter,27,NEU,3,Feasible,CONTEXT,3
LLM,gemma3-12b,subject_matter2,gemma3_subject_matter2,27,NEU,3,Feasible,CONTEXT,3
LLM,llama-pro,generalist,llama_generalist,28,NEU,3,Feasible,CONTEXT,3
LLM,llama-pro,generalist2,llama_generalist2,28,NEU,3,Feasible,CONTEXT,3
LLM,llama-pro,normative,llama_normative,28,NEU,3,Feasible,CONTEXT,3
LLM,llama-pro,normative2,llama_normative2,28,NEU,3,Feasible,CONTEXT,3
LLM,llama-pro,subject_matter,llama_subject_matter,28,NEU,4,Very feasible,CONTEXT,4
LLM,llama-pro,subject_matter2,llama_subject_matter2,28,NEU,3,Feasible,CONTEXT,3
LLM,mistral,generalist,mistral_generalist,28,NEU,3,Feasible,CONTEXT,3
LLM,mistral,generalist2,mistral_generalist2,28,NEU,3,Feasible,CONTEXT,3
LLM,mistral,normative,mistral_normative,28,NEU,3,Feasible,CONTEXT,3
LLM,mistral,normative2,mistral_normative2,28,NEU,3,Feasible,CONTEXT,3
LLM,mistral,subject_matter,mistral_subject_matter,28,NEU,3,Feasible,CONTEXT,3
LLM,mistral,subject_matter2,mistral_subject_matter2,28,NEU,3,Feasible,CONTEXT,3
LLM,gemma3-12b,generalist,gemma3_generalist,28,NEU,3,Feasible,CONTEXT,3
LLM,gemma3-12b,generalist2,gemma3_generalist2,28,NEU,3,Feasible,CONTEXT,3
LLM,gemma3-12b,normative,gemma3_normative,28,NEU,3,Feasible,CONTEXT,3
LLM,gemma3-12b,normative2,gemma3_normative2,28,NEU,3,Feasible,CONTEXT,3
LLM,gemma3-12b,subject_matter,gemma3_subject_matter,28,NEU,3,Feasible,CONTEXT,3
LLM,gemma3-12b,subject_matter2,gemma3_subject_matter2,28,NEU,3,Feasible,CONTEXT,3
LLM,llama-pro,generalist,llama_generalist,29,NEU,3,Feasible,CONTEXT,3
LLM,llama-pro,generalist2,llama_generalist2,29,NEU,3,Feasible,CONTEXT,3
LLM,llama-pro,normative,llama_normative,29,NEU,3,Feasible,CONTEXT,3
LLM,llama-pro,normative2,llama_normative2,29,NEU,4,Very feasible,CONTEXT,4
LLM,llama-pro,subject_matter,llama_subject_matter,29,NEU,3,Feasible,CONTEXT,3
LLM,llama-pro,subject_matter2,llama_subject_matter2,29,NEU,3,Feasible,CONTEXT,3
LLM,mistral,generalist,mistral_generalist,29,NEU,3,Feasible,CONTEXT,3
LLM,mistral,generalist2,mistral_generalist2,29,NEU,3,Feasible,CONTEXT,3
LLM,mistral,normative,mistral_normative,29,NEU,3,Feasible,CONTEXT,3
LLM,mistral,normative2,mistral_normative2,29,NEU,3,Feasible,CONTEXT,3
LLM,mistral,subject_matter,mistral_subject_matter,29,NEU,3,Feasible,CONTEXT,3
LLM,mistral,subject_matter2,mistral_subject_matter2,29,NEU,3,Feasible,CONTEXT,3
LLM,gemma3-12b,generalist,gemma3_generalist,29,NEU,3,Feasible,CONTEXT,3
LLM,gemma3-12b,generalist2,gemma3_generalist2,29,NEU,3,Feasible,CONTEXT,3
LLM,gemma3-12b,normative,gemma3_normative,29,NEU,3,Feasible,CONTEXT,3
LLM,gemma3-12b,normative2,gemma3_normative2,29,NEU,3,Feasible,CONTEXT,3
LLM,gemma3-12b,subject_matter,gemma3_subject_matter,29,NEU,3,Feasible,CONTEXT,3
LLM,gemma3-12b,subject_matter2,gemma3_subject_matter2,29,NEU,3,Feasible,CONTEXT,3
LLM,llama-pro,generalist,llama_generalist,30,NEU,4,Very feasible,CONTEXT,4
LLM,llama-pro,generalist2,llama_generalist2,30,NEU,2,Somewhat feasible,CONTEXT,2
LLM,llama-pro,normative,llama_normative,30,NEU,3,Feasible,CONTEXT,3
LLM,llama-pro,normative2,llama_normative2,30,NEU,3,Feasible,CONTEXT,3
LLM,llama-pro,subject_matter,llama_subject_matter,30,NEU,4,Very feasible,CONTEXT,4
LLM,llama-pro,subject_matter2,llama_subject_matter2,30,NEU,3,Feasible,CONTEXT,3
LLM,mistral,generalist,mistral_generalist,30,NEU,3,Feasible,CONTEXT,3
LLM,mistral,generalist2,mistral_generalist2,30,NEU,3,Feasible,CONTEXT,3
LLM,mistral,normative,mistral_normative,30,NEU,3,Feasible,CONTEXT,3
LLM,mistral,normative2,mistral_normative2,30,NEU,3,Feasible,CONTEXT,3
LLM,mistral,subject_matter,mistral_subject_matter,30,NEU,3,Feasible,CONTEXT,3
LLM,mistral,subject_matter2,mistral_subject_matter2,30,NEU,3,Feasible,CONTEXT,3
LLM,gemma3-12b,generalist,gemma3_generalist,30,NEU,3,Feasible,CONTEXT,3
LLM,gemma3-12b,generalist2,gemma3_generalist2,30,NEU,3,Feasible,CONTEXT,3
LLM,gemma3-12b,normative,gemma3_normative,30,NEU,3,Feasible,CONTEXT,3
LLM,gemma3-12b,normative2,gemma3_normative2,30,NEU,3,Feasible,CONTEXT,3
LLM,gemma3-12b,subject_matter,gemma3_subject_matter,30,NEU,3,Feasible,CONTEXT,3
LLM,gemma3-12b,subject_matter2,gemma3_subject_matter2,30,NEU,3,Feasible,CONTEXT,3
LLM,llama-pro,generalist,llama_generalist,31,NEU,3,Feasible,CONTEXT,3
LLM,llama-pro,generalist2,llama_generalist2,31,NEU,3,Feasible,CONTEXT,3
LLM,llama-pro,normative,llama_normative,31,NEU,2,Somewhat feasible,CONTEXT,2
LLM,llama-pro,normative2,llama_normative2,31,NEU,3,Feasible,CONTEXT,3
LLM,llama-pro,subject_matter,llama_subject_matter,31,NEU,3,Feasible,CONTEXT,3
LLM,llama-pro,subject_matter2,llama_subject_matter2,31,NEU,3,Feasible,CONTEXT,3
LLM,mistral,generalist,mistral_generalist,31,NEU,3,Feasible,CONTEXT,3
LLM,mistral,generalist2,mistral_generalist2,31,NEU,3,Feasible,CONTEXT,3
LLM,mistral,normative,mistral_normative,31,NEU,3,Feasible,CONTEXT,3
LLM,mistral,normative2,mistral_normative2,31,NEU,3,Feasible,CONTEXT,3
LLM,mistral,subject_matter,mistral_subject_matter,31,NEU,3,Feasible,CONTEXT,3
LLM,mistral,subject_matter2,mistral_subject_matter2,31,NEU,3,Feasible,CONTEXT,3
LLM,gemma3-12b,generalist,gemma3_generalist,31,NEU,3,Feasible,CONTEXT,3
LLM,gemma3-12b,generalist2,gemma3_generalist2,31,NEU,3,Feasible,CONTEXT,3
LLM,gemma3-12b,normative,gemma3_normative,31,NEU,3,Feasible,CONTEXT,3
LLM,gemma3-12b,normative2,gemma3_normative2,31,NEU,3,Feasible,CONTEXT,3
LLM,gemma3-12b,subject_matter,gemma3_subject_matter,31,NEU,3,Feasible,CONTEXT,3
LLM,gemma3-12b,subject_matter2,gemma3_subject_matter2,31,NEU,3,Feasible,CONTEXT,3
LLM,llama-pro,generalist,llama_generalist,32,NEU,4,Very feasible,CONTEXT,4
LLM,llama-pro,generalist2,llama_generalist2,32,NEU,3,Feasible,CONTEXT,3
LLM,llama-pro,normative,llama_normative,32,NEU,3,Feasible,CONTEXT,3
LLM,llama-pro,normative2,llama_normative2,32,NEU,4,Very feasible,CONTEXT,4
LLM,llama-pro,subject_matter,llama_subject_matter,32,NEU,4,Very feasible,CONTEXT,4
LLM,llama-pro,subject_matter2,llama_subject_matter2,32,NEU,2,Somewhat feasible,CONTEXT,2
LLM,mistral,generalist,mistral_generalist,32,NEU,3,Feasible,CONTEXT,3
LLM,mistral,generalist2,mistral_generalist2,32,NEU,3,Feasible,CONTEXT,3
LLM,mistral,normative,mistral_normative,32,NEU,3,Feasible,CONTEXT,3
LLM,mistral,normative2,mistral_normative2,32,NEU,3,Feasible,CONTEXT,3
LLM,mistral,subject_matter,mistral_subject_matter,32,NEU,3,Feasible,CONTEXT,3
LLM,mistral,subject_matter2,mistral_subject_matter2,32,NEU,3,Feasible,CONTEXT,3
LLM,gemma3-12b,generalist,gemma3_generalist,32,NEU,3,Feasible,CONTEXT,3
LLM,gemma3-12b,generalist2,gemma3_generalist2,32,NEU,3,Feasible,CONTEXT,3
LLM,gemma3-12b,normative,gemma3_normative,32,NEU,3,Feasible,CONTEXT,3
LLM,gemma3-12b,normative2,gemma3_normative2,32,NEU,3,Feasible,CONTEXT,3
LLM,gemma3-12b,subject_matter,gemma3_subject_matter,32,NEU,3,Feasible,CONTEXT,3
LLM,gemma3-12b,subject_matter2,gemma3_subject_matter2,32,NEU,3,Feasible,CONTEXT,3
LLM,llama-pro,generalist,llama_generalist,33,NEU,4,Very feasible,CONTEXT,4
LLM,llama-pro,generalist2,llama_generalist2,33,NEU,3,Feasible,CONTEXT,3
LLM,llama-pro,normative,llama_normative,33,NEU,3,Feasible,CONTEXT,3
LLM,llama-pro,normative2,llama_normative2,33,NEU,3,Feasible,CONTEXT,3
LLM,llama-pro,subject_matter,llama_subject_matter,33,NEU,3,Feasible,CONTEXT,3
LLM,llama-pro,subject_matter2,llama_subject_matter2,33,NEU,3,Feasible,CONTEXT,3
LLM,mistral,generalist,mistral_generalist,33,NEU,3,Feasible,CONTEXT,3
LLM,mistral,generalist2,mistral_generalist2,33,NEU,3,Feasible,CONTEXT,3
LLM,mistral,normative,mistral_normative,33,NEU,3,Feasible,CONTEXT,3
LLM,mistral,normative2,mistral_normative2,33,NEU,3,Feasible,CONTEXT,3
LLM,mistral,subject_matter,mistral_subject_matter,33,NEU,3,Feasible,CONTEXT,3
LLM,mistral,subject_matter2,mistral_subject_matter2,33,NEU,3,Feasible,CONTEXT,3
LLM,gemma3-12b,generalist,gemma3_generalist,33,NEU,3,Feasible,CONTEXT,3
LLM,gemma3-12b,generalist2,gemma3_generalist2,33,NEU,3,Feasible,CONTEXT,3
LLM,gemma3-12b,normative,gemma3_normative,33,NEU,3,Feasible,CONTEXT,3
LLM,gemma3-12b,normative2,gemma3_normative2,33,NEU,3,Feasible,CONTEXT,3
LLM,gemma3-12b,subject_matter,gemma3_subject_matter,33,NEU,3,Feasible,CONTEXT,3
LLM,gemma3-12b,subject_matter2,gemma3_subject_matter2,33,NEU,3,Feasible,CONTEXT,3
LLM,llama-pro,generalist,llama_generalist,34,NEU,4,Very feasible,CONTEXT,4
LLM,llama-pro,generalist2,llama_generalist2,34,NEU,3,Feasible,CONTEXT,3
LLM,llama-pro,normative,llama_normative,34,NEU,3,Feasible,CONTEXT,3
LLM,llama-pro,normative2,llama_normative2,34,NEU,3,Feasible,CONTEXT,3
LLM,llama-pro,subject_matter,llama_subject_matter,34,NEU,3,Feasible,CONTEXT,3
LLM,llama-pro,subject_matter2,llama_subject_matter2,34,NEU,3,Feasible,CONTEXT,3
LLM,mistral,generalist,mistral_generalist,34,NEU,3,Feasible,CONTEXT,3
LLM,mistral,generalist2,mistral_generalist2,34,NEU,3,Feasible,CONTEXT,3
LLM,mistral,normative,mistral_normative,34,NEU,3,Feasible,CONTEXT,3
LLM,mistral,normative2,mistral_normative2,34,NEU,3,Feasible,CONTEXT,3
LLM,mistral,subject_matter,mistral_subject_matter,34,NEU,3,Feasible,CONTEXT,3
LLM,mistral,subject_matter2,mistral_subject_matter2,34,NEU,3,Feasible,CONTEXT,3
LLM,gemma3-12b,generalist,gemma3_generalist,34,NEU,3,Feasible,CONTEXT,3
LLM,gemma3-12b,generalist2,gemma3_generalist2,34,NEU,3,Feasible,CONTEXT,3
LLM,gemma3-12b,normative,gemma3_normative,34,NEU,3,Feasible,CONTEXT,3
LLM,gemma3-12b,normative2,gemma3_normative2,34,NEU,3,Feasible,CONTEXT,3
LLM,gemma3-12b,subject_matter,gemma3_subject_matter,34,NEU,3,Feasible,CONTEXT,3
LLM,gemma3-12b,subject_matter2,gemma3_subject_matter2,34,NEU,3,Feasible,CONTEXT,3
LLM,llama-pro,generalist,llama_generalist,35,NEU,3,Feasible,CONTEXT,3
LLM,llama-pro,generalist2,llama_generalist2,35,NEU,3,Feasible,CONTEXT,3
LLM,llama-pro,normative,llama_normative,35,NEU,1,Not feasible,CONTEXT,1
LLM,llama-pro,normative2,llama_normative2,35,NEU,4,Very feasible,CONTEXT,4
LLM,llama-pro,subject_matter,llama_subject_matter,35,NEU,3,Feasible,CONTEXT,3
LLM,llama-pro,subject_matter2,llama_subject_matter2,35,NEU,3,Feasible,CONTEXT,3
LLM,mistral,generalist,mistral_generalist,35,NEU,3,Feasible,CONTEXT,3
LLM,mistral,generalist2,mistral_generalist2,35,NEU,3,Feasible,CONTEXT,3
LLM,mistral,normative,mistral_normative,35,NEU,3,Feasible,CONTEXT,3
LLM,mistral,normative2,mistral_normative2,35,NEU,3,Feasible,CONTEXT,3
LLM,mistral,subject_matter,mistral_subject_matter,35,NEU,3,Feasible,CONTEXT,3
LLM,mistral,subject_matter2,mistral_subject_matter2,35,NEU,3,Feasible,CONTEXT,3
LLM,gemma3-12b,generalist,gemma3_generalist,35,NEU,3,Feasible,CONTEXT,3
LLM,gemma3-12b,generalist2,gemma3_generalist2,35,NEU,3,Feasible,CONTEXT,3
LLM,gemma3-12b,normative,gemma3_normative,35,NEU,3,Feasible,CONTEXT,3
LLM,gemma3-12b,normative2,gemma3_normative2,35,NEU,3,Feasible,CONTEXT,3
LLM,gemma3-12b,subject_matter,gemma3_subject_matter,35,NEU,3,Feasible,CONTEXT,3
LLM,gemma3-12b,subject_matter2,gemma3_subject_matter2,35,NEU,3,Feasible,CONTEXT,3
LLM,llama-pro,generalist,llama_generalist,36,NEU,3,Feasible,CONTEXT,3
LLM,llama-pro,generalist2,llama_generalist2,36,NEU,4,Very feasible,CONTEXT,4
LLM,llama-pro,normative,llama_normative,36,NEU,3,Feasible,CONTEXT,3
LLM,llama-pro,normative2,llama_normative2,36,NEU,4,Very feasible,CONTEXT,4
LLM,llama-pro,subject_matter,llama_subject_matter,36,NEU,3,Feasible,CONTEXT,3
LLM,llama-pro,subject_matter2,llama_subject_matter2,36,NEU,4,Very feasible,CONTEXT,4
LLM,mistral,generalist,mistral_generalist,36,NEU,3,Feasible,CONTEXT,3
LLM,mistral,generalist2,mistral_generalist2,36,NEU,3,Feasible,CONTEXT,3
LLM,mistral,normative,mistral_normative,36,NEU,3,Feasible,CONTEXT,3
LLM,mistral,normative2,mistral_normative2,36,NEU,3,Feasible,CONTEXT,3
LLM,mistral,subject_matter,mistral_subject_matter,36,NEU,3,Feasible,CONTEXT,3
LLM,mistral,subject_matter2,mistral_subject_matter2,36,NEU,3,Feasible,CONTEXT,3
LLM,gemma3-12b,generalist,gemma3_generalist,36,NEU,3,Feasible,CONTEXT,3
LLM,gemma3-12b,generalist2,gemma3_generalist2,36,NEU,3,Feasible,CONTEXT,3
LLM,gemma3-12b,normative,gemma3_normative,36,NEU,3,Feasible,CONTEXT,3
LLM,gemma3-12b,normative2,gemma3_normative2,36,NEU,3,Feasible,CONTEXT,3
LLM,gemma3-12b,subject_matter,gemma3_subject_matter,36,NEU,3,Feasible,CONTEXT,3
LLM,gemma3-12b,subject_matter2,gemma3_subject_matter2,36,NEU,3,Feasible,CONTEXT,3
LLM,llama-pro,generalist,llama_generalist,37,NEU,3,Feasible,CONTEXT,3
LLM,llama-pro,generalist2,llama_generalist2,37,NEU,3,Feasible,CONTEXT,3
LLM,llama-pro,normative,llama_normative,37,NEU,3,Feasible,CONTEXT,3
LLM,llama-pro,normative2,llama_normative2,37,NEU,3,Feasible,CONTEXT,3
LLM,llama-pro,subject_matter,llama_subject_matter,37,NEU,3,Feasible,CONTEXT,3
LLM,llama-pro,subject_matter2,llama_subject_matter2,37,NEU,3,Feasible,CONTEXT,3
LLM,mistral,generalist,mistral_generalist,37,NEU,3,Feasible,CONTEXT,3
LLM,mistral,generalist2,mistral_generalist2,37,NEU,3,Feasible,CONTEXT,3
LLM,mistral,normative,mistral_normative,37,NEU,3,Feasible,CONTEXT,3
LLM,mistral,normative2,mistral_normative2,37,NEU,3,Feasible,CONTEXT,3
LLM,mistral,subject_matter,mistral_subject_matter,37,NEU,3,Feasible,CONTEXT,3
LLM,mistral,subject_matter2,mistral_subject_matter2,37,NEU,3,Feasible,CONTEXT,3
LLM,gemma3-12b,generalist,gemma3_generalist,37,NEU,3,Feasible,CONTEXT,3
LLM,gemma3-12b,generalist2,gemma3_generalist2,37,NEU,3,Feasible,CONTEXT,3
LLM,gemma3-12b,normative,gemma3_normative,37,NEU,3,Feasible,CONTEXT,3
LLM,gemma3-12b,normative2,gemma3_normative2,37,NEU,3,Feasible,CONTEXT,3
LLM,gemma3-12b,subject_matter,gemma3_subject_matter,37,NEU,3,Feasible,CONTEXT,3
LLM,gemma3-12b,subject_matter2,gemma3_subject_matter2,37,NEU,3,Feasible,CONTEXT,3
LLM,llama-pro,generalist,llama_generalist,38,NEU,3,Feasible,CONTEXT,3
LLM,llama-pro,generalist2,llama_generalist2,38,NEU,4,Very feasible,CONTEXT,4
LLM,llama-pro,normative,llama_normative,38,NEU,2,Somewhat feasible,CONTEXT,2
LLM,llama-pro,normative2,llama_normative2,38,NEU,2,Somewhat feasible,CONTEXT,2
LLM,llama-pro,subject_matter,llama_subject_matter,38,NEU,3,Feasible,CONTEXT,3
LLM,llama-pro,subject_matter2,llama_subject_matter2,38,NEU,2,Somewhat feasible,CONTEXT,2
LLM,mistral,generalist,mistral_generalist,38,NEU,3,Feasible,CONTEXT,3
LLM,mistral,generalist2,mistral_generalist2,38,NEU,3,Feasible,CONTEXT,3
LLM,mistral,normative,mistral_normative,38,NEU,3,Feasible,CONTEXT,3
LLM,mistral,normative2,mistral_normative2,38,NEU,3,Feasible,CONTEXT,3
LLM,mistral,subject_matter,mistral_subject_matter,38,NEU,3,Feasible,CONTEXT,3
LLM,mistral,subject_matter2,mistral_subject_matter2,38,NEU,3,Feasible,CONTEXT,3
LLM,gemma3-12b,generalist,gemma3_generalist,38,NEU,3,Feasible,CONTEXT,3
LLM,gemma3-12b,generalist2,gemma3_generalist2,38,NEU,3,Feasible,CONTEXT,3
LLM,gemma3-12b,normative,gemma3_normative,38,NEU,3,Feasible,CONTEXT,3
LLM,gemma3-12b,normative2,gemma3_normative2,38,NEU,3,Feasible,CONTEXT,3
LLM,gemma3-12b,subject_matter,gemma3_subject_matter,38,NEU,3,Feasible,CONTEXT,3
LLM,gemma3-12b,subject_matter2,gemma3_subject_matter2,38,NEU,3,Feasible,CONTEXT,3
LLM,llama-pro,generalist,llama_generalist,39,NEU,3,Feasible,CONTEXT,3
LLM,llama-pro,generalist2,llama_generalist2,39,NEU,3,Feasible,CONTEXT,3
LLM,llama-pro,normative,llama_normative,39,NEU,3,Feasible,CONTEXT,3
LLM,llama-pro,normative2,llama_normative2,39,NEU,3,Feasible,CONTEXT,3
LLM,llama-pro,subject_matter,llama_subject_matter,39,NEU,3,Feasible,CONTEXT,3
LLM,llama-pro,subject_matter2,llama_subject_matter2,39,NEU,3,Feasible,CONTEXT,3
LLM,mistral,generalist,mistral_generalist,39,NEU,3,Feasible,CONTEXT,3
LLM,mistral,generalist2,mistral_generalist2,39,NEU,3,Feasible,CONTEXT,3
LLM,mistral,normative,mistral_normative,39,NEU,3,Feasible,CONTEXT,3
LLM,mistral,normative2,mistral_normative2,39,NEU,3,Feasible,CONTEXT,3
LLM,mistral,subject_matter,mistral_subject_matter,39,NEU,3,Feasible,CONTEXT,3
LLM,mistral,subject_matter2,mistral_subject_matter2,39,NEU,3,Feasible,CONTEXT,3
LLM,gemma3-12b,generalist,gemma3_generalist,39,NEU,3,Feasible,CONTEXT,3
LLM,gemma3-12b,generalist2,gemma3_generalist2,39,NEU,3,Feasible,CONTEXT,3
LLM,gemma3-12b,normative,gemma3_normative,39,NEU,3,Feasible,CONTEXT,3
LLM,gemma3-12b,normative2,gemma3_normative2,39,NEU,3,Feasible,CONTEXT,3
LLM,gemma3-12b,subject_matter,gemma3_subject_matter,39,NEU,3,Feasible,CONTEXT,3
LLM,gemma3-12b,subject_matter2,gemma3_subject_matter2,39,NEU,3,Feasible,CONTEXT,3
LLM,llama-pro,generalist,llama_generalist,40,NEU,3,Feasible,CONTEXT,3
LLM,llama-pro,generalist2,llama_generalist2,40,NEU,3,Feasible,CONTEXT,3
LLM,llama-pro,normative,llama_normative,40,NEU,2,Somewhat feasible,CONTEXT,2
LLM,llama-pro,normative2,llama_normative2,40,NEU,4,Very feasible,CONTEXT,4
LLM,llama-pro,subject_matter,llama_subject_matter,40,NEU,4,Very feasible,CONTEXT,4
LLM,llama-pro,subject_matter2,llama_subject_matter2,40,NEU,3,Feasible,CONTEXT,3
LLM,mistral,generalist,mistral_generalist,40,NEU,3,Feasible,CONTEXT,3
LLM,mistral,generalist2,mistral_generalist2,40,NEU,3,Feasible,CONTEXT,3
LLM,mistral,normative,mistral_normative,40,NEU,3,Feasible,CONTEXT,3
LLM,mistral,normative2,mistral_normative2,40,NEU,3,Feasible,CONTEXT,3
LLM,mistral,subject_matter,mistral_subject_matter,40,NEU,3,Feasible,CONTEXT,3
LLM,mistral,subject_matter2,mistral_subject_matter2,40,NEU,3,Feasible,CONTEXT,3
LLM,gemma3-12b,generalist,gemma3_generalist,40,NEU,3,Feasible,CONTEXT,3
LLM,gemma3-12b,generalist2,gemma3_generalist2,40,NEU,3,Feasible,CONTEXT,3
LLM,gemma3-12b,normative,gemma3_normative,40,NEU,3,Feasible,CONTEXT,3
LLM,gemma3-12b,normative2,gemma3_normative2,40,NEU,3,Feasible,CONTEXT,3
LLM,gemma3-12b,subject_matter,gemma3_subject_matter,40,NEU,3,Feasible,CONTEXT,3
LLM,gemma3-12b,subject_matter2,gemma3_subject_matter2,40,NEU,3,Feasible,CONTEXT,3
LLM,llama-pro,generalist,llama_generalist,41,NEU,3,Feasible,CONTEXT,3
LLM,llama-pro,generalist2,llama_generalist2,41,NEU,3,Feasible,CONTEXT,3
LLM,llama-pro,normative,llama_normative,41,NEU,3,Feasible,CONTEXT,3
LLM,llama-pro,normative2,llama_normative2,41,NEU,3,Feasible,CONTEXT,3
LLM,llama-pro,subject_matter,llama_subject_matter,41,NEU,3,Feasible,CONTEXT,3
LLM,llama-pro,subject_matter2,llama_subject_matter2,41,NEU,3,Feasible,CONTEXT,3
LLM,mistral,generalist,mistral_generalist,41,NEU,3,Feasible,CONTEXT,3
LLM,mistral,generalist2,mistral_generalist2,41,NEU,3,Feasible,CONTEXT,3
LLM,mistral,normative,mistral_normative,41,NEU,3,Feasible,CONTEXT,3
LLM,mistral,normative2,mistral_normative2,41,NEU,3,Feasible,CONTEXT,3
LLM,mistral,subject_matter,mistral_subject_matter,41,NEU,3,Feasible,CONTEXT,3
LLM,mistral,subject_matter2,mistral_subject_matter2,41,NEU,3,Feasible,CONTEXT,3
LLM,gemma3-12b,generalist,gemma3_generalist,41,NEU,3,Feasible,CONTEXT,3
LLM,gemma3-12b,generalist2,gemma3_generalist2,41,NEU,3,Feasible,CONTEXT,3
LLM,gemma3-12b,normative,gemma3_normative,41,NEU,3,Feasible,CONTEXT,3
LLM,gemma3-12b,normative2,gemma3_normative2,41,NEU,3,Feasible,CONTEXT,3
LLM,gemma3-12b,subject_matter,gemma3_subject_matter,41,NEU,3,Feasible,CONTEXT,3
LLM,gemma3-12b,subject_matter2,gemma3_subject_matter2,41,NEU,3,Feasible,CONTEXT,3
LLM,llama-pro,generalist,llama_generalist,42,NEU,3,Feasible,CONTEXT,3
LLM,llama-pro,generalist2,llama_generalist2,42,NEU,3,Feasible,CONTEXT,3
LLM,llama-pro,normative,llama_normative,42,NEU,3,Feasible,CONTEXT,3
LLM,llama-pro,normative2,llama_normative2,42,NEU,2,Somewhat feasible,CONTEXT,2
LLM,llama-pro,subject_matter,llama_subject_matter,42,NEU,4,Very feasible,CONTEXT,4
LLM,llama-pro,subject_matter2,llama_subject_matter2,42,NEU,4,Very feasible,CONTEXT,4
LLM,mistral,generalist,mistral_generalist,42,NEU,3,Feasible,CONTEXT,3
LLM,mistral,generalist2,mistral_generalist2,42,NEU,3,Feasible,CONTEXT,3
LLM,mistral,normative,mistral_normative,42,NEU,3,Feasible,CONTEXT,3
LLM,mistral,normative2,mistral_normative2,42,NEU,3,Feasible,CONTEXT,3
LLM,mistral,subject_matter,mistral_subject_matter,42,NEU,3,Feasible,CONTEXT,3
LLM,mistral,subject_matter2,mistral_subject_matter2,42,NEU,3,Feasible,CONTEXT,3
LLM,gemma3-12b,generalist,gemma3_generalist,42,NEU,3,Feasible,CONTEXT,3
LLM,gemma3-12b,generalist2,gemma3_generalist2,42,NEU,3,Feasible,CONTEXT,3
LLM,gemma3-12b,normative,gemma3_normative,42,NEU,3,Feasible,CONTEXT,3
LLM,gemma3-12b,normative2,gemma3_normative2,42,NEU,3,Feasible,CONTEXT,3
LLM,gemma3-12b,subject_matter,gemma3_subject_matter,42,NEU,3,Feasible,CONTEXT,3
LLM,gemma3-12b,subject_matter2,gemma3_subject_matter2,42,NEU,3,Feasible,CONTEXT,3
LLM,llama-pro,generalist,llama_generalist,43,NEU,3,Feasible,CONTEXT,3
LLM,llama-pro,generalist2,llama_generalist2,43,NEU,3,Feasible,CONTEXT,3
LLM,llama-pro,normative,llama_normative,43,NEU,3,Feasible,CONTEXT,3
LLM,llama-pro,normative2,llama_normative2,43,NEU,3,Feasible,CONTEXT,3
LLM,llama-pro,subject_matter,llama_subject_matter,43,NEU,3,Feasible,CONTEXT,3
LLM,llama-pro,subject_matter2,llama_subject_matter2,43,NEU,3,Feasible,CONTEXT,3
LLM,mistral,generalist,mistral_generalist,43,NEU,3,Feasible,CONTEXT,3
LLM,mistral,generalist2,mistral_generalist2,43,NEU,3,Feasible,CONTEXT,3
LLM,mistral,normative,mistral_normative,43,NEU,3,Feasible,CONTEXT,3
LLM,mistral,normative2,mistral_normative2,43,NEU,3,Feasible,CONTEXT,3
LLM,mistral,subject_matter,mistral_subject_matter,43,NEU,3,Feasible,CONTEXT,3
LLM,mistral,subject_matter2,mistral_subject_matter2,43,NEU,3,Feasible,CONTEXT,3
LLM,gemma3-12b,generalist,gemma3_generalist,43,NEU,3,Feasible,CONTEXT,3
LLM,gemma3-12b,generalist2,gemma3_generalist2,43,NEU,3,Feasible,CONTEXT,3
LLM,gemma3-12b,normative,gemma3_normative,43,NEU,3,Feasible,CONTEXT,3
LLM,gemma3-12b,normative2,gemma3_normative2,43,NEU,3,Feasible,CONTEXT,3
LLM,gemma3-12b,subject_matter,gemma3_subject_matter,43,NEU,3,Feasible,CONTEXT,3
LLM,gemma3-12b,subject_matter2,gemma3_subject_matter2,43,NEU,3,Feasible,CONTEXT,3
LLM,llama-pro,generalist,llama_generalist,44,NEU,3,Feasible,CONTEXT,3
LLM,llama-pro,generalist2,llama_generalist2,44,NEU,2,Somewhat feasible,CONTEXT,2
LLM,llama-pro,normative,llama_normative,44,NEU,3,Feasible,CONTEXT,3
LLM,llama-pro,normative2,llama_normative2,44,NEU,3,Feasible,CONTEXT,3
LLM,llama-pro,subject_matter,llama_subject_matter,44,NEU,2,Somewhat feasible,CONTEXT,2
LLM,llama-pro,subject_matter2,llama_subject_matter2,44,NEU,3,Feasible,CONTEXT,3
LLM,mistral,generalist,mistral_generalist,44,NEU,3,Feasible,CONTEXT,3
LLM,mistral,generalist2,mistral_generalist2,44,NEU,3,Feasible,CONTEXT,3
LLM,mistral,normative,mistral_normative,44,NEU,3,Feasible,CONTEXT,3
LLM,mistral,normative2,mistral_normative2,44,NEU,3,Feasible,CONTEXT,3
LLM,mistral,subject_matter,mistral_subject_matter,44,NEU,3,Feasible,CONTEXT,3
LLM,mistral,subject_matter2,mistral_subject_matter2,44,NEU,3,Feasible,CONTEXT,3
LLM,gemma3-12b,generalist,gemma3_generalist,44,NEU,3,Feasible,CONTEXT,3
LLM,gemma3-12b,generalist2,gemma3_generalist2,44,NEU,3,Feasible,CONTEXT,3
LLM,gemma3-12b,normative,gemma3_normative,44,NEU,3,Feasible,CONTEXT,3
LLM,gemma3-12b,normative2,gemma3_normative2,44,NEU,3,Feasible,CONTEXT,3
LLM,gemma3-12b,subject_matter,gemma3_subject_matter,44,NEU,3,Feasible,CONTEXT,3
LLM,gemma3-12b,subject_matter2,gemma3_subject_matter2,44,NEU,3,Feasible,CONTEXT,3
LLM,llama-pro,generalist,llama_generalist,45,NEU,3,Feasible,CONTEXT,3
LLM,llama-pro,generalist2,llama_generalist2,45,NEU,3,Feasible,CONTEXT,3
LLM,llama-pro,normative,llama_normative,45,NEU,3,Feasible,CONTEXT,3
LLM,llama-pro,normative2,llama_normative2,45,NEU,3,Feasible,CONTEXT,3
LLM,llama-pro,subject_matter,llama_subject_matter,45,NEU,4,Very feasible,CONTEXT,4
LLM,llama-pro,subject_matter2,llama_subject_matter2,45,NEU,2,Somewhat feasible,CONTEXT,2
LLM,mistral,generalist,mistral_generalist,45,NEU,3,Feasible,CONTEXT,3
LLM,mistral,generalist2,mistral_generalist2,45,NEU,3,Feasible,CONTEXT,3
LLM,mistral,normative,mistral_normative,45,NEU,3,Feasible,CONTEXT,3
LLM,mistral,normative2,mistral_normative2,45,NEU,3,Feasible,CONTEXT,3
LLM,mistral,subject_matter,mistral_subject_matter,45,NEU,3,Feasible,CONTEXT,3
LLM,mistral,subject_matter2,mistral_subject_matter2,45,NEU,3,Feasible,CONTEXT,3
LLM,gemma3-12b,generalist,gemma3_generalist,45,NEU,3,Feasible,CONTEXT,3
LLM,gemma3-12b,generalist2,gemma3_generalist2,45,NEU,3,Feasible,CONTEXT,3
LLM,gemma3-12b,normative,gemma3_normative,45,NEU,3,Feasible,CONTEXT,3
LLM,gemma3-12b,normative2,gemma3_normative2,45,NEU,3,Feasible,CONTEXT,3
LLM,gemma3-12b,subject_matter,gemma3_subject_matter,45,NEU,3,Feasible,CONTEXT,3
LLM,gemma3-12b,subject_matter2,gemma3_subject_matter2,45,NEU,3,Feasible,CONTEXT,3
LLM,llama-pro,generalist,llama_generalist,46,NEU,4,Very feasible,CONTEXT,4
LLM,llama-pro,generalist2,llama_generalist2,46,NEU,3,Feasible,CONTEXT,3
LLM,llama-pro,normative,llama_normative,46,NEU,3,Feasible,CONTEXT,3
LLM,llama-pro,normative2,llama_normative2,46,NEU,3,Feasible,CONTEXT,3
LLM,llama-pro,subject_matter,llama_subject_matter,46,NEU,4,Very feasible,CONTEXT,4
LLM,llama-pro,subject_matter2,llama_subject_matter2,46,NEU,3,Feasible,CONTEXT,3
LLM,mistral,generalist,mistral_generalist,46,NEU,3,Feasible,CONTEXT,3
LLM,mistral,generalist2,mistral_generalist2,46,NEU,3,Feasible,CONTEXT,3
LLM,mistral,normative,mistral_normative,46,NEU,3,Feasible,CONTEXT,3
LLM,mistral,normative2,mistral_normative2,46,NEU,3,Feasible,CONTEXT,3
LLM,mistral,subject_matter,mistral_subject_matter,46,NEU,3,Feasible,CONTEXT,3
LLM,mistral,subject_matter2,mistral_subject_matter2,46,NEU,3,Feasible,CONTEXT,3
LLM,gemma3-12b,generalist,gemma3_generalist,46,NEU,3,Feasible,CONTEXT,3
LLM,gemma3-12b,generalist2,gemma3_generalist2,46,NEU,3,Feasible,CONTEXT,3
LLM,gemma3-12b,normative,gemma3_normative,46,NEU,3,Feasible,CONTEXT,3
LLM,gemma3-12b,normative2,gemma3_normative2,46,NEU,3,Feasible,CONTEXT,3
LLM,gemma3-12b,subject_matter,gemma3_subject_matter,46,NEU,3,Feasible,CONTEXT,3
LLM,gemma3-12b,subject_matter2,gemma3_subject_matter2,46,NEU,3,Feasible,CONTEXT,3
LLM,llama-pro,generalist,llama_generalist,47,NEU,3,Feasible,CONTEXT,3
LLM,llama-pro,generalist2,llama_generalist2,47,NEU,3,Feasible,CONTEXT,3
LLM,llama-pro,normative,llama_normative,47,NEU,3,Feasible,CONTEXT,3
LLM,llama-pro,normative2,llama_normative2,47,NEU,3,Feasible,CONTEXT,3
LLM,llama-pro,subject_matter,llama_subject_matter,47,NEU,3,Feasible,CONTEXT,3
LLM,llama-pro,subject_matter2,llama_subject_matter2,47,NEU,4,Very feasible,CONTEXT,4
LLM,mistral,generalist,mistral_generalist,47,NEU,3,Feasible,CONTEXT,3
LLM,mistral,generalist2,mistral_generalist2,47,NEU,3,Feasible,CONTEXT,3
LLM,mistral,normative,mistral_normative,47,NEU,3,Feasible,CONTEXT,3
LLM,mistral,normative2,mistral_normative2,47,NEU,3,Feasible,CONTEXT,3
LLM,mistral,subject_matter,mistral_subject_matter,47,NEU,3,Feasible,CONTEXT,3
LLM,mistral,subject_matter2,mistral_subject_matter2,47,NEU,3,Feasible,CONTEXT,3
LLM,gemma3-12b,generalist,gemma3_generalist,47,NEU,3,Feasible,CONTEXT,3
LLM,gemma3-12b,generalist2,gemma3_generalist2,47,NEU,3,Feasible,CONTEXT,3
LLM,gemma3-12b,normative,gemma3_normative,47,NEU,3,Feasible,CONTEXT,3
LLM,gemma3-12b,normative2,gemma3_normative2,47,NEU,3,Feasible,CONTEXT,3
LLM,gemma3-12b,subject_matter,gemma3_subject_matter,47,NEU,3,Feasible,CONTEXT,3
LLM,gemma3-12b,subject_matter2,gemma3_subject_matter2,47,NEU,3,Feasible,CONTEXT,3
LLM,llama-pro,generalist,llama_generalist,48,NEU,3,Feasible,CONTEXT,3
LLM,llama-pro,generalist2,llama_generalist2,48,NEU,3,Feasible,CONTEXT,3
LLM,llama-pro,normative,llama_normative,48,NEU,3,Feasible,CONTEXT,3
LLM,llama-pro,normative2,llama_normative2,48,NEU,3,Feasible,CONTEXT,3
LLM,llama-pro,subject_matter,llama_subject_matter,48,NEU,4,Very feasible,CONTEXT,4
LLM,llama-pro,subject_matter2,llama_subject_matter2,48,NEU,3,Feasible,CONTEXT,3
LLM,mistral,generalist,mistral_generalist,48,NEU,3,Feasible,CONTEXT,3
LLM,mistral,generalist2,mistral_generalist2,48,NEU,3,Feasible,CONTEXT,3
LLM,mistral,normative,mistral_normative,48,NEU,3,Feasible,CONTEXT,3
LLM,mistral,normative2,mistral_normative2,48,NEU,3,Feasible,CONTEXT,3
LLM,mistral,subject_matter,mistral_subject_matter,48,NEU,3,Feasible,CONTEXT,3
LLM,mistral,subject_matter2,mistral_subject_matter2,48,NEU,3,Feasible,CONTEXT,3
LLM,gemma3-12b,generalist,gemma3_generalist,48,NEU,3,Feasible,CONTEXT,3
LLM,gemma3-12b,generalist2,gemma3_generalist2,48,NEU,3,Feasible,CONTEXT,3
LLM,gemma3-12b,normative,gemma3_normative,48,NEU,3,Feasible,CONTEXT,3
LLM,gemma3-12b,normative2,gemma3_normative2,48,NEU,3,Feasible,CONTEXT,3
LLM,gemma3-12b,subject_matter,gemma3_subject_matter,48,NEU,3,Feasible,CONTEXT,3
LLM,gemma3-12b,subject_matter2,gemma3_subject_matter2,48,NEU,3,Feasible,CONTEXT,3
LLM,llama-pro,generalist,llama_generalist,49,NEU,4,Very feasible,CONTEXT,4
LLM,llama-pro,generalist2,llama_generalist2,49,NEU,3,Feasible,CONTEXT,3
LLM,llama-pro,normative,llama_normative,49,NEU,3,Feasible,CONTEXT,3
LLM,llama-pro,normative2,llama_normative2,49,NEU,3,Feasible,CONTEXT,3
LLM,llama-pro,subject_matter,llama_subject_matter,49,NEU,3,Feasible,CONTEXT,3
LLM,llama-pro,subject_matter2,llama_subject_matter2,49,NEU,3,Feasible,CONTEXT,3
LLM,mistral,generalist,mistral_generalist,49,NEU,3,Feasible,CONTEXT,3
LLM,mistral,generalist2,mistral_generalist2,49,NEU,3,Feasible,CONTEXT,3
LLM,mistral,normative,mistral_normative,49,NEU,3,Feasible,CONTEXT,3
LLM,mistral,normative2,mistral_normative2,49,NEU,3,Feasible,CONTEXT,3
LLM,mistral,subject_matter,mistral_subject_matter,49,NEU,3,Feasible,CONTEXT,3
LLM,mistral,subject_matter2,mistral_subject_matter2,49,NEU,3,Feasible,CONTEXT,3
LLM,gemma3-12b,generalist,gemma3_generalist,49,NEU,3,Feasible,CONTEXT,3
LLM,gemma3-12b,generalist2,gemma3_generalist2,49,NEU,3,Feasible,CONTEXT,3
LLM,gemma3-12b,normative,gemma3_normative,49,NEU,3,Feasible,CONTEXT,3
LLM,gemma3-12b,normative2,gemma3_normative2,49,NEU,3,Feasible,CONTEXT,3
LLM,gemma3-12b,subject_matter,gemma3_subject_matter,49,NEU,3,Feasible,CONTEXT,3
LLM,gemma3-12b,subject_matter2,gemma3_subject_matter2,49,NEU,3,Feasible,CONTEXT,3
